PosX,PosY,Diameter,Age
-5279.06,1656.32,92.4411,89.8712
3315.44,7275.28,169.563,89.8613
4346.96,-5670.97,202.537,89.7875
-4816.92,1925.92,114.882,89.6426
-4978.59,1686.47,122.403,89.5868
7309.09,1113.96,98.592,89.5651
-4050.22,5963.86,137.699,89.4965
-4361.5,448.359,102.525,89.4655
-944.453,-5907.34,126.351,89.428
7270.99,-4377.15,109.069,89.4122
-7174.9,-7263.62,140.227,89.2681
4400.55,4548.88,220.866,89.2519
6535.39,5013.39,110.524,89.2396
-6185.82,-4548.92,103.556,89.1884
-4087.01,1732.62,152.043,89.1754
-1617.39,5241.18,94.7906,89.1316
4573.88,401.632,92.1269,89.1134
1352.32,-4015.4,105.916,89.0556
-1252.88,-4602.68,92.9899,89.0401
4888.96,-3966.23,133.644,89.0238
5496.25,-2822.4,171.54,89.0043
-6154.7,5024.7,199.661,88.8354
-6962.69,176.269,93.8328,88.8014
4918.24,-3419.1,99.8836,88.6052
-3951.89,1092.11,106.916,88.396
6300.79,934.987,112.19,88.3462
7338.03,6104.45,211.34,88.2526
4760.66,1190.74,197.573,88.2141
6953.06,6861.89,110.615,88.1587
-834.6,-4401.09,108.794,87.9621
5818.11,-3925.69,96.4962,87.9506
5575.03,5892.18,144.189,87.9033
-4272.2,4412.28,155.45,87.8936
7040.36,7056.52,125.226,87.8715
-4419.84,-1123.83,164.533,87.8646
-1771.7,-4185.38,95.8346,87.7874
948.884,7087.32,180.092,87.6512
-5717.14,-5407.77,142.804,87.5786
7572.21,-6168.92,88.159,87.5676
-2024.95,-5621.77,108.34,87.5154
2326.49,7152.28,93.1505,87.4884
7456.86,5144.54,151.472,87.453
-5067.59,1862.89,90.0847,87.4091
-7064.91,-7264.24,90.0153,87.3916
-6610.04,5762.44,90.2252,87.3574
-7301.78,-5600.87,140.945,87.3563
3970.79,3960.75,157.033,87.2476
5623.13,-6268.14,92.1166,87.1808
5258.99,-7227.04,127.348,87.004
-7133.46,3345.96,94.6478,86.9888
-2283.02,-5799.21,142.773,86.9421
5480.74,1714.86,134.436,86.9331
889.066,6560.26,160.111,86.7668
-6769.48,-2782.5,120.516,86.7402
-6031.39,-7406.57,126.516,86.7386
5260.32,6699,93.504,86.6428
-4888.88,-1100.89,139.276,86.4917
-6473.76,1519.22,113.692,86.4463
4175.45,-2149.44,92.4393,86.3879
-4413.1,1797.36,161.696,86.3249
-5358.61,-6239.55,91.9707,86.3248
5563.71,-5309.98,98.0226,86.3001
5245.05,1874.7,101.075,86.2391
-4140.12,-977.287,86.5453,86.1541
1800,5773.44,251.149,86.1475
6387.03,3515.3,166.29,86.1429
5687.22,6724.1,171.88,86.1315
7366.65,5006.39,124.99,86.0623
-7292.76,-4663.54,157.912,86.0529
-4636.99,-3461.43,86.4113,86.0315
-4058.41,6218.86,86.8515,85.9369
7058.38,1928.04,87.077,85.9287
2398.16,6622.83,138.498,85.9163
5320.61,-2326.61,92.7387,85.9027
6016.1,-3526.01,89.7805,85.8092
2347.02,4495.42,107.375,85.7299
4375.95,-3012.57,87.298,85.6876
4720.28,-3959.73,88.0458,85.6259
-6580.39,6077.48,87.9787,85.6138
-4221.72,-6691.08,93.088,85.5908
6765.32,-568.571,89.4572,85.5245
7401.85,-4141.86,107.167,85.4492
6939.83,-1335.89,96.8563,85.4218
-6582.86,1326.8,144.096,85.4132
2126.63,-6666.39,86.9654,85.3738
275.871,5481.15,188.411,85.3538
-5870.7,1682.38,142.413,85.3373
-1798.46,4489.7,95.1709,85.3113
4560.43,1954.42,125.401,85.1453
-5825.74,6109.23,131.122,85.0786
-305.651,6278.77,94.9688,84.9142
6536.85,-2584.86,94.3426,84.9088
4241.78,348.948,146.365,84.8149
-7128.06,-3030.76,130.103,84.7652
-4362.51,2549.22,168.541,84.6724
3357.9,4878.58,144.16,84.6692
-3883.96,784.543,87.1545,84.6664
-3058,-4839.3,89.8418,84.6528
6067.96,1831.34,89.2638,84.6194
-6526.44,5866.23,156.438,84.6163
-3922.25,-469.805,120.395,84.6149
-2608.08,4022.89,84.8499,84.5463
-3307.82,-4967.58,86.5462,84.5367
-4852.5,2448.71,138.167,84.521
7019.39,-5165.86,143.103,84.4562
-4792.52,2163.28,113.471,84.4465
1280.23,-5782.83,139.896,84.33
-5760.27,3197.3,114.695,84.3225
4381.26,2593.93,105.697,84.3
4326.55,-5478.13,108.723,84.2489
5375.46,-5467.17,153.403,84.185
6081.04,-5725.67,104.865,84.1798
-5767.47,-3131.13,141.201,84.0786
6714.54,7032.19,106.171,84.0506
-5662.51,-4539.81,97.7365,84.0313
6341.91,-4175.46,109.96,84.0152
6688.79,-7297.04,123.305,83.9871
3708.52,-5002.23,144.669,83.9784
-2107.14,-5302.17,106.604,83.9537
-1868.47,-6529.06,114.179,83.937
-7227.49,-6338.26,95.526,83.934
-5238.72,1719.31,101.831,83.9033
5227.86,-1116.38,142.8,83.8765
-6426.11,686.771,98.1316,83.8542
-1353.24,6955.78,89.0027,83.8168
-6733.22,7343.82,167.29,83.6281
-5917.98,6257.58,106.105,83.5627
5651.46,-1861.87,92.1515,83.4915
6890.82,-6987.43,85.8308,83.4529
-4000.49,-2685,133.136,83.4117
-798.486,-5844.31,204.973,83.3318
377.254,-6251.45,190.886,83.31
-922.509,5496.91,156.712,83.2984
5533.76,4469.82,144.377,83.2718
1709.49,-5717.62,158.762,83.2434
-6233.6,1291.23,128.299,83.2348
7137.24,4358.27,98.4646,83.2144
4894.56,1690.93,297.871,83.1568
5149.51,-2108.3,153.176,83.0996
2044.74,5636.22,87.3097,83.0885
-5447.49,3028.57,86.631,83.0516
6926.71,6677.04,90.0331,83.014
4268.38,1128.61,93.0681,82.951
439.49,-6036.25,112.703,82.8832
-5815.21,2853.44,93.8746,82.831
7158.94,-7388.15,102.193,82.7054
4179.95,7028.77,98.1431,82.7036
-1288.97,-5433.96,138.814,82.7018
-2327.92,-6424.46,82.693,82.618
-6788.6,268.204,206.411,82.5678
-3213.12,-7516.63,104.907,82.5603
-4272.07,-2277.69,95.7027,82.4404
6432.17,-4838.91,248.153,82.4373
-8.40976,4231.66,107.065,82.4159
-5258.78,-4940.46,144.038,82.4071
-5821.79,-2283.17,106.752,82.3871
-3884.09,-1371.97,268.443,82.3538
-6726.64,-6290.23,156.908,82.3369
2945.67,5717.55,89.9296,82.3022
6661.97,-2646.27,98.2032,82.2904
855.095,-5626.71,153.02,82.2763
4939.53,3259.8,87.4622,82.2206
-1816.73,-4773.18,115.566,82.1674
7442.26,-2246.39,85.7294,82.1492
5678.13,-1388.99,90.8972,82.1008
-1015.07,6359.61,116.651,81.9479
-7433.48,2579.29,82.6057,81.8814
-4143.23,29.8223,99.6887,81.8211
7293.56,-5858.04,98.8661,81.7776
5834.52,-1299.8,176.692,81.7509
3791.69,1719.18,102.306,81.6067
-5891.84,3299.68,105.764,81.6046
2898.7,-7302.39,97.6863,81.5741
-4388.03,154.526,91.6746,81.5703
1033.89,3940.21,100,81.4743
4851.23,6391.49,83.7563,81.2433
5540.31,3915.38,84.714,81.2338
-4657.89,-3431.77,83.6617,81.2168
-4102.14,4150.7,84.0364,81.2074
-7474.92,2485.4,121.789,81.1939
-1310.78,-6808.55,232.542,81.1051
5226.29,-4865.37,89.2468,80.9355
7190.72,-6188.97,84.4929,80.934
4846.74,-2483.93,100.659,80.8067
-6082.6,-6920.69,169.705,80.804
5994.86,-6521.57,179.737,80.7966
-5477.4,1175.28,85.2298,80.7744
140.21,6426.89,83.5792,80.7489
6057.79,-1763.81,83.5268,80.7185
6354.23,6243.6,105.938,80.7136
4553.84,826.064,83.8804,80.6937
922.285,-6196.1,89.7945,80.6118
-7118.73,-6619.6,128.977,80.5903
2278.53,-4803,161.805,80.5305
-2955.91,3873.83,90.1712,80.5036
3505.92,7197.58,130.241,80.4298
1355.29,3764.99,134.109,80.3916
-3486.87,6585.47,98.9011,80.2936
5404.04,995.678,81.0399,80.2911
-4777.21,-6463.99,80.4509,80.2811
-5193.36,-598.735,85.0568,80.2049
-1077.3,-6959.66,118.765,80.1943
-359.325,5816.16,85.4326,80.1899
-5814.95,-3694.74,105.348,80.0477
-1996.57,-5087.63,80.8644,79.9497
1404.88,-4247.03,80.6476,79.9228
-5601.13,1688.34,83.2125,79.9022
6245.87,-3523.81,86.9891,79.8473
-6029.84,-2545.19,95.2475,79.8133
-3793.37,7159.07,135.292,79.8015
-6931.43,2865.24,128.049,79.7954
2352.24,7276.65,101.935,79.7089
6300.23,-4823.74,145.22,79.6824
-400.086,-6091.16,86.638,79.6302
3577.39,-7140.08,163.018,79.6215
4068.22,2440.49,112.078,79.6013
3889.28,-3615.38,85.3058,79.5868
-306.766,5746.23,88.4985,79.5808
5366.1,-6923.14,108.756,79.5778
2895.08,5013.28,129.268,79.5625
5522.39,-1242.63,101.46,79.5399
1930.54,4918.82,163.956,79.4848
4764.8,225.206,123.458,79.4545
-3396.06,5200.81,108.089,79.3997
-2754.2,7343.53,84.9725,79.3724
6295.86,5927.15,87.2738,79.3665
-6378.08,2807.11,95.9851,79.3028
-3682.22,-4273.68,80.1498,79.2861
2669.93,-4673.08,84.8204,79.28
-1334.74,4147.46,115.085,79.201
6132.08,-1333.79,86.9929,79.1849
7353.9,1266.16,139.82,79.1604
-4711.31,-2414.83,143.705,79.1522
5333.45,1317.07,118.72,79.0342
2176.91,-7016.59,151.917,79.0069
-5231,-6795.99,92.9608,78.9434
5716.12,-7123.88,81.7372,78.9371
2519.74,5085,128.923,78.9306
4914.18,-4242.18,109.639,78.9156
2576.85,-7422.36,107.801,78.88
-5850.83,-6088.5,165.536,78.8757
4761.48,-606.32,83.0287,78.8432
-6973.75,-3790.7,95.4316,78.7377
-7105.98,5010.98,91.606,78.726
2145.51,7400.48,81.9404,78.7121
3758.39,5159.7,103.873,78.696
-6169.15,-1906.33,85.6577,78.654
-1073.34,5914.77,94.4326,78.6103
1573,-6740.69,139.093,78.5761
2430.44,-7030.56,126.207,78.5738
6536.84,754.287,91.6564,78.5694
6660.68,6372.64,83.1837,78.4335
4699.71,-6001.57,95.3334,78.4088
-6154.04,-5507.7,114.755,78.3564
5316.19,-6648.45,150.95,78.3068
4139.21,-1245.2,84.5532,78.2887
-1668.01,6060.12,214.12,78.2764
7153.65,-4903.48,84.1491,78.2328
-271.683,-6432.41,103.913,78.1931
6912,673.925,162.326,78.186
7382.59,2885.39,110.562,78.1688
-5308.7,254.836,118.277,78.1492
-7495.54,2679.08,102.296,78.1342
6634.95,-395.644,83.6832,78.0897
7260.56,5418.65,124.548,78.0256
-752.669,5114.6,106.966,77.9543
7378.77,5872.29,87.9354,77.7627
6090.89,3110.28,188.942,77.6925
-1752.31,7453.22,114.431,77.6832
6408.5,5967.69,80.5322,77.6616
1204.79,5122.38,91.0159,77.6348
-3854.69,-1983.45,97.9653,77.5827
-3780.96,-6505.51,100.768,77.5813
-6699.29,4516.49,90.319,77.5779
-743.844,7018.13,81.4862,77.5601
-3358.96,-6842.33,169.519,77.5546
7322.19,-7553.15,82.7829,77.5476
6598.49,3972.23,79.4015,77.4942
1562.52,5428.46,82.4033,77.4585
-2052.03,-4002.29,126.515,77.4157
5372.6,6644.66,94.4405,77.4044
3963.37,2122.48,82.2651,77.308
-4179.81,-1328.77,98.0597,77.2925
3350.41,4880.22,83.9123,77.2569
5798.59,-1309.17,123.271,77.1929
-5610.41,-1578.97,209.264,77.0937
-5183.96,1349.24,149.252,77.0667
-1349.95,-4572.72,87.5101,77.0361
4959.37,-5594,85.5485,76.9718
-6401.71,-3382.99,124.309,76.9078
4169.14,7339.06,77.4165,76.8961
1861.55,4357.45,82.0894,76.8605
-4606.86,-945.704,107.543,76.8519
4206.58,-2903.28,225.938,76.8095
-4966.3,1326.77,100.08,76.802
6755.5,1532.4,89.7613,76.7755
4091.63,-3053.21,144.759,76.7687
2559.73,5634.88,79.0173,76.7591
-5205.16,-4736.54,113.105,76.7279
-5973.64,-4423.73,76.8218,76.7106
-4695.81,7150.06,145.321,76.7061
697.91,4877.38,100.504,76.6742
3744.65,1232.53,83.9149,76.6034
1116.36,6971.94,84.0073,76.5758
5617.62,-6620.78,114.626,76.5634
-3927.11,-5252.36,99.924,76.5515
4600.41,6134.65,111.745,76.5414
7060.33,1284.42,86.4439,76.535
6223.98,1660.5,83.8945,76.5288
5045.97,-4913.67,90.5421,76.5053
5856.42,-923.56,89.072,76.4656
-6392.73,-5634.03,79.1003,76.4342
-3976.99,-6412.3,163.202,76.4325
-3624.4,-7065.51,149.881,76.4202
-4943.85,3056.25,110.371,76.3929
6717.78,-2850.29,82.587,76.3649
1385.95,7295.34,124.783,76.3476
-1325.27,-5285.02,130.327,76.3181
-7258.9,7080.18,178.114,76.296
6796.45,-5388.27,133.763,76.2802
-1450.1,-6013.6,98.1591,76.2746
2567.02,7317.05,84.3666,76.2124
-4932.71,-987.693,147.911,76.1927
6152.24,-292.141,84.1228,76.1621
-4598.78,-2660.49,81.5032,76.1525
-4244.96,-3394.11,84.0454,76.1036
-17.6907,6246.02,108.23,76.0923
3428.22,-4927.22,83.1621,76.0493
-3371.74,-4360.81,76.9789,75.8999
5350.51,-4383.12,113.304,75.8098
6535.75,-174.889,82.5911,75.8041
-418.106,-7338.31,84.431,75.7877
-4712.59,-5732.74,82.0075,75.7546
-3602.52,-6124.37,85.6986,75.7484
-7434.43,-5340.24,107.901,75.7182
-2078.05,5568.21,115.293,75.716
5355.58,-6613.55,89.8668,75.6968
-2096.34,4690.37,76.0294,75.6847
754.592,7102.33,94.4306,75.5782
3302.15,7097.96,89.2137,75.5524
5807.95,-3437.14,152.782,75.5431
-7042.88,-6013.19,75.8571,75.5396
-5331.94,-6927.08,84.7007,75.5322
338.095,-7439.37,85.8848,75.5107
1833.64,-7494.51,101.652,75.4931
6669.53,1059.07,89.844,75.4835
-3530.53,4739.96,80.7967,75.4466
-4174.64,1042.82,131.071,75.377
4248.39,3892.1,87.4629,75.3683
-4767.16,7040.11,84.6009,75.3309
5837.85,-6573.83,136.504,75.219
2810.92,-6194.93,85.304,75.175
6214.96,-3458.27,89.4927,75.0121
-5376.92,5948.25,79.3313,75.0073
1153.47,-6350.68,162.451,75.0027
5002.34,-2414.85,77.1978,74.9884
5575.48,-1597.9,153.157,74.9863
-4201.48,5559.47,78.7956,74.9665
4670.31,5408.58,84.1711,74.9257
7346.12,3129.82,150.561,74.914
-1373.91,6603.14,93.2477,74.8593
-7481.72,-4986.8,107.99,74.8506
4199.64,2647.12,95.8832,74.8392
3785.12,-5773.86,81.5811,74.7879
-5352.47,173.279,109.46,74.7613
5226.46,-1233.27,137.906,74.6431
-4046.26,-5790.48,86.0161,74.6306
2920.72,-7537.81,86.6075,74.5686
3530.32,3775.65,126.658,74.5611
3997.08,802.908,82.4715,74.5253
-6453.17,-304.41,86.3092,74.5148
4816.38,-691.667,158.699,74.4707
-2461.47,-3716.83,129.854,74.3843
409.033,5938.41,89.6479,74.3274
-3417.2,7240.41,134.57,74.2365
-901.301,7272.67,115.965,74.2248
-4985.32,-1705.42,74.6423,74.1828
4089.68,6222.71,85.1469,74.1801
3125.83,-6196.7,114.144,74.1516
-4989.58,7373.78,110.605,74.133
-816.041,5967.64,103.449,74.0858
-3797.51,-6553.97,165.167,74.0785
-665.529,5051.42,81.6146,74.004
6036.64,4219.54,92.7697,73.986
2928.41,-4798.34,114.885,73.9569
4193.78,6061.39,129.046,73.929
6251.12,187.804,82.753,73.8833
6471.76,-6269.87,88.0506,73.8706
4019.84,130.762,88.5597,73.8165
-7200.88,6871.22,81.4256,73.7709
-3441.71,-5916.33,142.663,73.7275
-6735.74,-5724.89,166.932,73.709
5504.03,4523.74,178.728,73.6754
-3252.22,-5121.44,107.917,73.673
-5739.61,-2266.33,84.2981,73.6666
-1584.43,-6487.14,77.1865,73.6456
-5441.48,830.653,79.1396,73.6235
6700.93,-5968.23,77.4737,73.6186
6520.96,-4782.28,82.9278,73.6173
-2039.2,5906.15,100.124,73.5586
-4604.38,-4932.84,112.6,73.5257
-6622.17,7426.59,131.158,73.5234
1051.5,6872.08,88.9294,73.5181
-3557.8,6197.67,93.8056,73.5108
1132.29,7500.44,76.3328,73.4689
3483.93,-6470.46,81.5232,73.4458
7387.38,-4164.84,76.2,73.4441
-6805.7,690.369,84.2808,73.4183
-7253.85,5753.93,222.772,73.3922
605.776,-4106.57,187.052,73.3104
7051.37,-2746.67,101.539,73.2901
-4344.96,-7244.2,73.2582,73.2352
-6738.67,2848.33,83.3433,73.2302
-5097.43,-2585.61,74.3007,73.1911
4355.89,-2359.55,86.2316,73.1665
807.884,7212.77,76.1788,73.145
-5223.19,910.217,85.2214,73.1406
6359.11,-6927.08,87.3352,73.1389
-7393.03,-4813.32,109.478,73.0871
-6540.61,6941.01,80.8495,73.0793
-7357.82,2057.57,86.3751,72.978
3944.1,674.598,78.704,72.9657
-5736.14,-2062.25,105.34,72.9393
4032.51,206.404,86.2822,72.9141
7043.1,-6620.02,103.594,72.9058
7352.82,-1215.25,75.1571,72.9021
6182.87,2000.28,82.7553,72.8427
-1888.3,6555.56,104.864,72.8358
-4574.81,47.4414,121.38,72.8235
-3553.16,3923.78,87.6713,72.8227
-4928.7,-4753.33,89.1452,72.8092
-4848.88,-3569.36,85.4812,72.7891
3864.39,4625.43,155.439,72.7705
4239.93,-5938.76,102.738,72.7608
-4924.96,-4033.41,83.4231,72.7173
5728,-4474.17,99.8894,72.7145
-4224.08,3771.62,160.198,72.6916
6214.6,3972.72,75.2607,72.6909
4029.93,6173.68,74.865,72.6372
-2426.13,-4095.94,89.5084,72.6366
1686.57,-5216.29,77.8797,72.6124
5245.76,-876.793,74.209,72.5971
5023.56,3072.42,84.5475,72.5773
-6492.72,5410.62,81.7946,72.5731
-473.619,7261.84,73.2294,72.5726
2854.41,-4143.97,76.8657,72.5492
1208.34,-5235.76,83.2723,72.5412
5577.61,4741.28,112.704,72.525
-4288.62,5938.32,78.1285,72.4913
-6818.6,2965.41,78.291,72.4585
-3767.08,3325.24,190.642,72.4141
3496.31,-4666.6,246.069,72.3959
-2151.53,5134.35,216.049,72.3938
4809.97,-4256.68,150.706,72.3936
419.835,-7289.08,125.654,72.3935
7190.42,3046.73,78.7973,72.3906
-4373.55,839.015,81.02,72.3618
-3489.94,-6854.76,73.5844,72.3583
-1029.38,-4234.32,76.7126,72.3454
7171.33,1317.92,90.8377,72.2159
6248.2,6924.77,186.263,72.209
-2609.09,-4968.23,73.398,72.2019
6130.61,3002.18,79.2623,72.1307
-4037.8,2208.34,127.745,72.1251
-5173.78,-820.156,81.4373,72.1179
-5662.33,6267.13,90.8752,72.0886
-3921.07,583.543,76.385,72.0287
-4158.29,5313.08,84.3876,71.9778
5142.51,6180.39,134.302,71.9602
4977.32,-5154.61,94.6651,71.9478
-1674,5490.46,72.3785,71.9359
-7402.01,1326.38,86.4957,71.9244
-5566.69,2374.69,73.5759,71.9117
-5749.57,5567.11,82.997,71.9047
2904.88,5431.36,87.0367,71.8943
-6206.44,-3136.36,73.4466,71.8626
-3662.96,-5160.89,101.501,71.7851
4360.06,-4862.96,82.4544,71.6769
6840.2,309.651,79.9,71.6704
-6648.06,4306.03,89.6339,71.663
-3865.19,7533.05,74.4292,71.6556
7090.98,-4061.55,75.5201,71.64
-7454.63,-316.254,74.5406,71.6355
7092.1,-1744.81,80.0771,71.632
6433.63,-2991.96,77.0235,71.583
-268.563,6622.05,88.0723,71.5503
-495.668,6718.25,87.4461,71.5269
2704.03,4924.72,106.844,71.4737
-4031.42,-6147.59,84.137,71.4711
-342.928,4692.5,77.4502,71.4191
5870.13,491.174,95.8,71.3581
2177.45,6257.14,94.7563,71.3293
-3473.3,4466.86,74.2103,71.2787
6746.05,-4031.1,71.9552,71.2612
-5577.53,-2921.11,108.182,71.2466
4987.38,-608.179,154.527,71.1714
164.179,3771.77,73.795,71.1592
1288.52,-3793.79,134.247,71.1552
4085.69,-4262.03,87.2541,71.1473
4357.25,6004.87,85.7846,71.1447
-6182.91,2860.95,83.7841,71.1141
4712.44,1365.46,110.103,71.1116
6428.9,-514.192,78.6937,71.1099
3662.67,-4434.45,117.316,71.1072
338.303,-6092.82,139.746,71.1024
6691.23,4926,185.845,71.0572
-7344.86,-6264.7,76.8407,71.0384
4184.01,-6885.9,83.8173,71.0329
6883.39,-2264.87,100.483,71.0018
5382.08,-178.893,95.7907,70.9623
-307.266,6143.03,78.8676,70.9541
-855.11,3794.22,79.5364,70.9402
-5878.77,-7185.55,83.761,70.9357
-3161.22,4076.75,86.0327,70.9196
-2958.1,5689.75,77.6315,70.9004
5426.97,-4242.88,85.2367,70.8778
5926.97,-2153.6,77.3506,70.8717
-5447.96,1933.29,75.5149,70.855
7332.17,-2010.4,113.874,70.8425
3864.85,4760,89.5654,70.8144
7507.02,-6730.1,135.539,70.8088
-1294.49,-3923.53,74.0502,70.8083
4010.66,7130.01,75.0311,70.7869
3435.36,-6511.9,74.2377,70.7816
5697.07,7368.71,76.4271,70.7778
6039.9,-4270.1,109.65,70.7604
770.823,-4146.21,77.3,70.726
-503.928,-4025.67,74.4003,70.6915
3784.18,5625.53,76.4339,70.6871
2972.47,-5682.67,116.312,70.6598
-4112.19,1982.92,82.631,70.6069
-5382.96,1749.84,284.024,70.5764
-2503.61,5416.1,73.362,70.5385
7448,6530.35,72.4493,70.5258
-5969.35,-7166.83,74.9335,70.4955
-4736.14,-5276.17,88.7501,70.4843
-7371.82,-367.262,72.2386,70.4303
-4081.93,128.309,123.936,70.4297
-4240.49,-7181.88,72.2814,70.4143
-3074.91,6700.01,164.254,70.3491
6171.91,-5488.5,218.722,70.3387
257.01,4405.38,110.408,70.3085
-4796.69,4639.34,75.2354,70.2589
-630.473,4038.99,90.1686,70.2523
-1307.02,6379.38,74.8776,70.2468
6341.77,7076.73,100.124,70.2394
894.522,-5142.84,71.385,70.2346
-3558.95,-5024.84,133.214,70.2278
6297.27,-5848.19,104.354,70.1962
-5572.26,-6220.58,85.915,70.1862
-2667.3,6163.92,142.834,70.1792
-6043.63,-512.08,70.9305,70.1452
-7227.81,-4036.19,111.833,70.1353
7158.9,-1379.91,99.1746,70.0979
115.521,7457.86,74.7872,70.0872
5936.59,2791.63,72.7618,70.082
-7419.08,4149.29,73.2944,70.0806
7110.92,-5576.2,72.7813,70.0626
-2009.82,6262.38,74.3722,70.0601
224.101,4612.13,172.757,70.032
-3409.88,-6248.32,118.77,70.0187
3914.62,3838.03,85.4806,70.0004
-4805.48,-5358.61,129.781,69.9487
4833.14,-5603.29,74.2665,69.9484
4427.77,-454.889,96.3758,69.9013
-5860.35,-2526.48,77.7385,69.8666
-5599.72,1929.47,85.1977,69.8575
-3825.66,-5178.93,71.1995,69.827
395.384,-4615.82,83.8906,69.8184
-5148.65,5376.74,159.231,69.805
4159.91,839.157,70.4756,69.7747
286.358,-5156.49,74.8119,69.7559
-3629.95,3720.71,114.323,69.7417
5276.38,-1496.48,109.172,69.7389
5208.04,-4270.91,104.309,69.664
-4366.36,5825.02,76.185,69.5878
6903.27,4173.22,70.1136,69.5581
-2789.08,-4865.67,88.4437,69.557
612.194,-5044.06,72.4768,69.5449
2010.22,-7454.91,73.6531,69.523
4831.45,-2520.59,116.318,69.5215
1472.04,4012.38,69.8797,69.4937
4598.1,-4875.69,75.9846,69.3913
-6978.63,2813.28,75.979,69.3861
-4106.04,-4848.89,91.5459,69.3695
-5393.4,4861.37,85.4141,69.3632
1218.6,6531.96,83.3443,69.3586
5775.71,502.808,71.9124,69.3376
-7308.22,849.487,71.9477,69.3367
3808.2,-6198.6,73.9324,69.3235
-4255.33,-6789.72,96.1176,69.3176
4252.07,6831.41,134.913,69.3073
2983.96,7246.72,88.813,69.3063
6505.12,-327.523,69.4267,69.2659
611.341,4546.82,91.9104,69.1795
-4693.15,-997.363,118.844,69.1675
-1140.98,-6942.82,70.1272,69.1553
-2836.44,-5880.93,82.7901,69.1423
4193.1,6864.29,148.232,69.1292
-4801.83,3979.67,90.1934,69.1217
5284.95,-7395.87,81.0295,69.1118
2347.92,-4984.54,154.096,69.0938
-2521.45,-6045.04,71.3033,69.0912
5672.08,-6704.27,71.1997,69.045
2210.28,5834.21,216.816,68.9162
-6119.51,4072.58,101.043,68.8893
-5348.55,-624.671,186.785,68.8293
-4778.64,-2787.98,70.0458,68.7482
-7555.88,-1496.93,79.8603,68.7298
6239.76,-1563.17,89.8544,68.7113
1720.98,7211.52,72.1026,68.7106
-5374.12,-6965.95,153.591,68.6803
-455.347,-3924.63,161.25,68.6557
6322.54,6748.66,70.9753,68.6266
-934.437,-4670.23,80.3491,68.624
7125.68,-5773.04,212.985,68.6076
6830.32,-1299.42,86.0714,68.565
6733.81,6664.78,161.538,68.5579
-4034.33,4256.8,70.1102,68.5333
-6678.48,-4594.81,123.434,68.487
5556.56,-5991.52,97.7804,68.4795
500.115,7197.98,110.395,68.4668
-4957.19,4848.71,78.8965,68.457
84.631,7317.82,87.1577,68.4292
7557.52,3294.26,69.8371,68.4261
-789.258,6081.19,76.0064,68.4164
6026.38,506.555,73.3473,68.401
6138.61,5225.23,87.346,68.3952
2097.59,3692.66,283.547,68.3946
-958.57,-5184.04,97.2446,68.3674
-4959.58,-3010.65,80.7139,68.3487
-1403.13,-3937.14,72.892,68.335
-1654.84,4518.18,75.1537,68.3011
3946.95,6961.23,83.4581,68.2882
7285.17,1610.41,75.5138,68.2799
-7076.32,-5673.59,92.1307,68.2768
-3108.67,-5752.2,83.7978,68.2354
-4724.26,884.889,71.1818,68.2274
-1327.53,4810.77,85.048,68.2043
6414.74,6129.21,143.48,68.1597
4662.08,-1318.78,68.9794,68.1567
6874.04,-4008.45,73.3959,68.1555
-3216.66,6357.36,73.7948,68.1532
-2283.27,5493.24,170.94,68.1323
2759.51,7230.86,80.2644,68.1211
3496.02,-7452.8,68.6845,68.1124
263.063,-7493.67,110.633,68.1109
544.707,-5538.3,77.3394,68.0974
2744.9,-6106.83,96.061,68.0927
-7035.6,-5427.39,71.5362,68.0586
-131.927,-5343.73,77.9638,68.035
3914.54,479.147,136.616,68.011
-4773.46,-5855.35,161.096,67.9973
552.484,3969.53,70.9519,67.9851
-3896.54,2717.68,71.241,67.983
-6216.9,-1186.72,69.4095,67.9818
-5770.78,-338.241,86.9794,67.9796
-4462.68,6290.19,70.9645,67.9545
-4830.29,-1037.58,220.353,67.9384
2708.81,-4913.78,75.3742,67.8949
-1274.42,7034.12,67.9987,67.8826
-5100.07,-112.462,82.8339,67.8203
5004.21,-6191.61,165.021,67.7571
2273.56,-5523.55,118.931,67.7469
6506.08,4358.03,173.664,67.743
-4852.61,-6807.86,94.9056,67.7352
-4127.29,-2605.92,72.058,67.7282
4245.88,-594.59,78.7217,67.6543
4282.1,-5372.93,72.407,67.6456
5336.83,-7305.3,78.668,67.5351
-2726.65,5692.67,119.594,67.5092
7120.43,-5652.53,123.184,67.4873
-4822.57,-890.774,85.4283,67.4719
4573.89,-1127.35,127.773,67.465
-27.3497,-3992.41,75.4301,67.4551
-4222.95,-3294.61,80.0527,67.4489
3306.27,7581.37,70.0444,67.4431
-5495.54,-6370.03,71.8324,67.4102
5675.79,-3375.25,73.995,67.3426
5034.8,-7389.45,67.8521,67.3313
5490.74,1056.03,69.647,67.3306
-4350.3,192.133,84.1303,67.2953
-1297.5,-3708.95,146.623,67.2867
-5522.68,4742.71,85.7431,67.2557
-525.765,4219.14,71.6594,67.227
-2510.93,-3910.03,74.6474,67.2129
4744.13,-4193.76,85.6281,67.1927
2150.19,-7146.82,72.996,67.1545
-6342.19,5927.1,86.9975,67.1108
-7372.21,3785.01,73.6792,67.1054
3647.51,-7095.63,80.4585,67.0883
1916.45,-7012.88,74.4677,67.0723
-2100.29,5450.79,97.0236,67.0454
-2940.69,-7259.24,70.6581,67.0435
-1840.07,7072.22,80.3798,67.0347
-7370.16,-3546.14,74.1516,67.0109
-3484.71,-7489.36,91.902,67.0074
4239.9,-3178.5,76.0115,66.9881
1171.13,-5894.34,69.9481,66.9438
7196.1,-6753.51,76.3077,66.9426
3930.18,-3626.41,79.4777,66.9338
-5380.96,-4305.49,75.2664,66.927
1356.75,-6299.81,80.8945,66.8173
-4859.52,1106.64,117.202,66.7955
-1174.57,-3789.04,71.7208,66.7607
-6454.15,6891.41,74.9218,66.7315
6494.83,3100.1,116.696,66.7174
-4940.33,-4560.3,72.8737,66.6964
-5788.91,-4268.51,73.3741,66.658
4861.73,-1426.35,81.8035,66.6567
6624.97,-5680.85,137.145,66.6345
34.2791,6930.07,74.0737,66.6009
5338.28,466.054,81.0945,66.5365
5740.1,4487.01,72.6256,66.5116
1687.14,-3921.74,70.7346,66.4928
-5497.51,-51.4281,85.6214,66.4756
3478.72,6276.47,67.5573,66.4731
-5669.53,-1939.23,121.888,66.4543
5994.62,-7448.3,73.3968,66.4447
4818,411.42,108,66.4044
-3039.88,-6484.12,92.6339,66.3792
6068.79,1746.82,90.8226,66.364
4834.59,3598.86,69.8701,66.3594
-3851.44,-5465.88,66.5528,66.2991
2816.68,5181.71,104.78,66.2798
4160.46,-6902.51,125.571,66.2627
7465.98,7229.96,67.1667,66.2157
7488.74,-986.379,76.3201,66.1992
4212.31,6649.44,74.498,66.1819
-149.61,4515.62,75.8502,66.1616
5198.17,5182.18,69.5094,66.0464
4567.79,-7357.66,77.2698,66.0406
516.976,4937.21,107.997,66.0156
-4420.54,-4017.12,77.5266,65.9934
-6110.92,6461.01,71.5273,65.9856
52.7383,-4113.47,68.935,65.9732
4304.01,-1844.87,151.196,65.9658
6243.45,4987.17,68.3482,65.9424
-6257.22,-2625.73,72.9433,65.9412
-754.333,6462.67,71.9787,65.9139
3896.07,1202.32,70.247,65.8625
-3101.22,-4307.84,121.458,65.8512
-4084.07,3193.53,76.795,65.8363
178.351,-7451.78,71.66,65.8314
-2785.73,7167.07,81.6396,65.7842
4242.1,5477.87,66.046,65.7638
-6396.45,644.044,82.0423,65.7572
2315.98,-5645.64,70.1245,65.7449
7157.05,-4020.83,126.218,65.7428
-6246.06,-4185.14,80.1554,65.7166
4947.15,3779.73,74.1713,65.7097
-7471.64,-7223.78,67.5387,65.677
4065,-810.584,85.1927,65.6626
7018.02,-7030.88,80.2122,65.6548
5693.19,7004.92,85.1322,65.6476
5009.92,-6343.48,68.0613,65.6375
5179.65,-1541.29,284.036,65.6141
-5792.23,2161.78,298.639,65.6093
4874.25,5231.63,73.4693,65.6056
5569.73,-6684.14,66.7309,65.6032
-6976.41,5524.82,107.929,65.5958
-7576.56,4785.39,71.2436,65.5439
3483.67,-5548.14,73.784,65.4656
-4576.52,-605.044,84.8397,65.4229
-3922.03,-6993.25,165.149,65.4169
3086.67,6629.24,84.2333,65.413
-6835.05,-4980.84,67.5442,65.3677
-6118.55,4386.61,76.7355,65.3601
-5724.08,4780.64,79.8756,65.3291
1072.08,-7199.37,71.9975,65.3207
-7178.6,-6130.83,70.6965,65.3071
-5288.8,-2688.14,72.2909,65.2998
699.802,-6324.11,71.7924,65.2358
4695.48,3533.82,115.662,65.22
-7410.5,-1430.56,67.2247,65.2178
132.527,7454.85,68.1639,65.213
769.401,-5942.73,147.907,65.2081
2284.77,3837.76,88.5725,65.1974
-3765.09,7457.82,89.6208,65.1735
4735.71,-1663.94,74.6199,65.1565
-1620.98,5520.49,77.5165,65.1475
3984.51,1717.17,112.735,65.1415
-185.517,-5207.43,69.8681,65.1398
262.614,7345.38,72.3245,65.1011
5070.21,4824.48,68.1702,65.0991
-4697.26,-7445.98,68.6767,65.0915
-711.93,-4903.69,69.0764,65.0705
1382.17,-3896.07,75.893,65.0293
4906.86,-2006.89,83.9679,65.0243
-4138.65,2893.17,72.3059,65.0241
-5259.24,-246.904,72.1461,64.979
37.1318,6584.21,133.55,64.9759
4955.79,3778.45,74.7299,64.9718
729.927,4263.89,68.5831,64.9695
-6661.96,2175.37,70.7697,64.9533
-2388.18,-4462.86,65.038,64.9463
-5920.08,2297.9,75.5197,64.8744
-5611.49,2506.39,101.335,64.8494
-5701.24,-5682.31,134.802,64.8332
2543.53,4539.47,81.5981,64.8313
4089.21,248.808,94.4541,64.8151
-5688.08,-3300.43,156.242,64.7697
-6284.45,-4017.11,76.8633,64.7308
-4114.96,2980.48,100.232,64.7286
546.497,-5985.67,68.4438,64.6453
-6409.79,4259.63,67.9471,64.6445
-3725.36,-696.417,66.8349,64.6163
-3370.59,4822.14,91.198,64.6076
-2863.02,7407.28,84.9693,64.5938
3250.53,6313.17,90.2559,64.5865
5452.6,-1167.61,110.843,64.5566
-6875.04,-104.322,72.2776,64.5512
-5236.83,1540.74,291.008,64.5299
871.763,4761.99,89.7314,64.5169
4471.67,-167.348,159.916,64.4911
-5213.75,-6384.3,67.6611,64.4524
6016.68,-1957.94,96.2981,64.3815
-4803.39,4793.44,72.318,64.3666
-5286.32,6053.81,120.965,64.347
-4517.02,-2458.37,80.6995,64.3246
-7420.3,-6386.92,119.47,64.2645
-2548.01,6419.46,83.7076,64.258
-559.06,6976.39,86.041,64.2327
5228.07,5859.94,67.0072,64.2307
4015.96,1445.31,153.55,64.2271
-6551.88,-6182.95,76.6695,64.2194
7336.81,2105.41,76.2845,64.2125
581.028,-6735.27,76.2544,64.2067
-794.515,-7522.16,70.3907,64.197
6840.61,-6313.36,89.3735,64.1903
-7420.1,189.62,66.9664,64.1847
6771.02,3724.67,169.038,64.1781
4880.44,-4214.81,66.8355,64.154
7493.82,-5036.56,96.513,64.1516
467.944,-4829.81,73.2051,64.1504
4092.55,1814.46,115.884,64.0614
-7109.15,-5670.06,69.0357,64.0362
-559.779,5097.74,84.4111,64.0215
5190.92,-2688.4,75.2554,64.0065
2092.35,-5739.86,112.928,63.9708
-1246.33,4490.57,82.7793,63.9685
-6928.12,3251.13,111.725,63.9463
-6166.4,-1635.08,80.2244,63.9381
5982.76,-2172.34,68.3542,63.903
4899.29,-7571.25,74.7572,63.8984
-5730.64,4744.07,68.9537,63.8815
297.286,4915.72,76.4151,63.8488
-3797.1,-3782.48,84.4194,63.8436
6529.68,-6257.82,83.9489,63.8349
6890.41,3167.19,142.955,63.804
-4186.4,5867.66,71.0124,63.8005
-5914.7,5897.33,70.9096,63.7875
-6857.54,-6120.91,94.6169,63.7855
-2113.39,-3936.89,81.6912,63.7764
-2470.77,-4886,71.5876,63.77
-6305.72,7007.56,77.9052,63.7685
4034.67,-7028.14,125.709,63.7182
-4351.54,-7590.94,72.7401,63.6947
-4298.41,2939.94,73.4833,63.6845
6615.19,6720.2,65.6445,63.6638
5449.28,5371.44,84.3149,63.6545
678.311,-6701.54,82.0029,63.6411
6601.49,-7110.89,76.5831,63.6343
-3020.43,-5680.33,66.4495,63.6044
5958.57,-563.543,76.8119,63.5657
6297.56,2027.73,68.7665,63.5581
7473.63,2161.95,67.4824,63.5329
4090.24,-1501.29,85.9242,63.5256
-2005.49,4659.8,80.936,63.5127
5054,4112.34,74.3757,63.4783
-5021.27,2287.32,70.5353,63.4494
-5744.41,-345.326,73.0301,63.4333
-3330.02,-5480.09,78.1976,63.4098
-4065.37,-4189.78,82.5305,63.3984
4600.2,4686.66,83.3664,63.3853
4947.85,1444.11,81.9146,63.3822
4932.92,2042.98,73.9144,63.3312
-5502.96,85.6279,64.0579,63.3199
-2329.2,-7435.2,72.7969,63.3133
-3812.67,-3997.44,65.0735,63.3108
6014.61,-7033.18,78.8026,63.3058
6902.73,581.716,73.7809,63.2541
-859.505,-7117.28,74.0565,63.2419
6637.35,-370.249,160.106,63.1949
-3976.25,2126.54,83.9295,63.1702
-476.858,6311.25,225.606,63.1518
2452.92,6468.33,70.6884,63.1264
-5751.33,-3307.92,67.4811,63.1178
-2284.98,-4321.94,64.5147,63.0817
7189.65,-3772.09,91.8969,63.0724
-7133.83,6546.7,68.2771,63.0631
-5486.73,-3672.02,75.177,63.0491
-1767.55,-6671.29,76.8361,63.0441
-2669.2,-6700.57,73.4267,63.0424
-6822.63,6013.73,63.1243,63.0235
5666.47,-6942.38,100.584,62.9998
5408.34,-5042.53,79.9777,62.9931
-6291.98,7458.96,63.0674,62.9877
-6076.07,-7194.71,73.2004,62.9799
-1929.13,5129.01,82.3402,62.9647
1528.71,6357.37,79.8701,62.9569
-7311.7,201.675,78.2234,62.9284
-1395.46,6250.64,72.4473,62.9268
6525.89,-1415.88,69.3622,62.9091
7474.43,-3288.67,76.1135,62.9004
4571.6,7576.03,72.0754,62.8947
7483.9,4963.51,73.4492,62.8806
-4521.2,-875.527,85.8864,62.8402
-6587.62,5867.69,71.3001,62.8277
6806.22,-5364.11,102.899,62.816
-6464.16,720.601,148.258,62.8017
3444.96,5709.11,63.0319,62.7848
4426.33,5620.41,96.4699,62.7724
-312.378,-4430.22,80.754,62.7599
-5645.03,-872.091,75.4839,62.7533
4314.01,-6970.91,64.8739,62.74
2007.78,-6115.92,68.7249,62.7209
7467.82,3259.87,88.7986,62.715
-5177.23,3067.89,85.8581,62.6881
-5115.95,-1717.87,90.4646,62.6834
5515.52,3515.51,75.4329,62.6733
4011.59,-5829.7,68.1051,62.6574
6694.2,-2576.24,76.3846,62.6412
-5000.95,7159.81,65.095,62.6003
6503.65,5992.8,69.0448,62.5632
-418.866,3932.05,293.507,62.5466
4776.67,2560.44,162.287,62.537
5333.96,-5301.34,64.1814,62.5285
-94.9243,4904.65,70.0467,62.5275
-5091.48,1289.45,65.7088,62.5063
929.801,-4094.68,64.2813,62.4945
-4560.72,5790.84,64.627,62.4802
7401.39,-69.6884,76.9414,62.477
-5799.54,3166.89,117.08,62.4644
6181.32,1641.04,123.198,62.4496
-5092.67,2579.79,64.3191,62.4421
-3744.61,3158.34,80.6723,62.4103
-7327.24,-2065.41,66.0547,62.4089
1095.02,-5647.81,126.388,62.3693
-6337.1,5167.51,217.705,62.3554
-2645.57,7049.7,83.7865,62.3447
1362.24,6730.97,63.2311,62.3414
4331.15,-1154.86,92.8122,62.3277
-173.345,5034.79,155.428,62.3258
-3766.03,6463.85,200.701,62.3112
-7013.9,-7221.11,63.8645,62.2946
-6744.12,-5873.19,63.0709,62.2923
5643.63,-4994.46,102.133,62.2835
-1169.02,-4277.67,65.7591,62.2553
-687.324,-3892.9,71.8284,62.2368
595.092,-5731.26,83.009,62.2197
-3982.89,-3185.83,69.9798,62.211
-6108.03,-1219.44,64.9225,62.1851
2392.47,-6737.35,72.0877,62.1813
2251.83,5949.93,102.065,62.1708
-2156.76,-4360.08,78.3847,62.1578
-5340.51,-2768.55,64.8542,62.1259
-4784.93,6834.68,74.3058,62.1203
-6982.1,5466.42,62.3679,62.0463
4026.55,-7343.71,76.9601,62.0252
3823.9,-7356.68,76.23,61.9935
5993.28,-1229.63,87.4149,61.9931
-6154.88,816.656,65.8349,61.9807
7441.8,2147.31,92.3598,61.9667
2753.59,-4428.97,169.253,61.9644
-4049.5,7486.62,71.5792,61.931
5083.98,-489.482,80.2193,61.9272
-1597.36,6465.25,65.8611,61.92
-5531.63,-579.756,65.7568,61.8945
4645.81,-7083.08,63.774,61.8756
-2451.03,5345.52,86.5903,61.8443
4150.08,-798.633,108.103,61.8357
-5509.88,-3892.25,120.151,61.8303
6531.03,4353.57,76.0217,61.8102
-7370.53,-5116.47,69.1025,61.7942
1522.65,-4441.79,64.1688,61.7791
6742.04,1794.58,70.9857,61.7775
1140.06,5917.32,66.6488,61.7724
4570.37,-7484.66,135.231,61.7636
4591.42,1436.73,88.6035,61.7279
-3202.69,-4671.79,63.7854,61.7034
-6265.95,4249.47,106.901,61.6903
7426.66,6727.02,104.693,61.6778
-5492.51,-3043.91,63.5152,61.6553
5914.86,2654.89,76.7114,61.6466
-5916.56,5952.06,77.1104,61.6184
-6330.25,5545.56,67.1996,61.6023
-5580.64,-2324.47,63.0949,61.5972
5658.94,-3672.04,74.527,61.5854
-5861.84,-3255,91.08,61.5618
3023.65,-6065.02,77.8117,61.5177
-4790.59,4277.24,86.9489,61.4764
4456.36,-582.04,110.81,61.473
-595.49,-4938.09,73.6876,61.4238
1962.62,5662.36,75.7202,61.3751
4346.48,321.829,66.6149,61.3595
6842.03,932.556,141.054,61.3498
7473.89,4237.28,76.1005,61.344
-6153.33,1046.92,187.766,61.3368
-2929.01,-5849.82,64.9202,61.2609
6227.68,61.6092,89.6341,61.2455
-5829.78,5504.58,103.15,61.2409
-3094.35,-5117.67,140.133,61.2032
-1739.02,-5107.89,84.3538,61.1922
-2488.26,-5425.99,78.6117,61.189
-5422.56,5725.49,64.2546,61.1869
-620.675,3942.3,86.6698,61.1685
-1484.08,6648.89,63.6561,61.1476
1429.2,3971.35,157.499,61.1386
-1229.09,-6343.25,81.2119,61.1332
-7146.96,453.767,77.324,61.1314
-7115.13,1031.35,86.0251,61.1044
4181.22,5859.77,66.1919,61.093
-5217.39,-5178.36,62.4311,61.0861
4225.14,671.01,80.1288,61.0587
2421.92,6930.93,61.9891,61.036
-3799.34,-706.314,121.795,61.0346
-6182.51,-4049.6,77.1023,61.0301
3848.07,2088.64,70.3808,61.0108
-4814.17,-3029.02,80.5482,61.0004
4687.82,195.372,86.441,60.9726
-4755.13,5221.47,142.313,60.9714
-5408.22,4970.93,63.5178,60.9365
-4167.26,2204.87,66.9821,60.895
733.129,-4508.87,88.937,60.876
-4477.09,-6440.11,71.407,60.8543
-4327.65,2836.37,83.8388,60.807
5576.45,426.619,85.2699,60.8045
4341.34,6498.14,69.1037,60.7952
-7087.93,-4716.28,68.1162,60.7451
-7267.88,-3114.97,84.8177,60.7432
5992.59,-6873.95,91.2337,60.736
5290.94,1208.53,66.2735,60.7326
-742.972,7326.73,77.8464,60.7191
471.43,6784.89,98.4666,60.6903
-3839.58,1213.15,85.6005,60.6699
5022.89,-3992.55,84.5089,60.6359
-7212.11,3276.51,66.2941,60.6219
-6535.52,6397.72,60.9802,60.5752
537.707,-4441.52,64.5039,60.5565
5949.31,5007.72,70.1335,60.5437
-390.839,-5080.4,69.6189,60.537
3784.08,-1226.66,66.6246,60.5335
-3427.37,-5535.57,61.4594,60.5123
508.6,4300.5,117.228,60.4944
-4888.35,-892.399,66.4471,60.491
6399.19,-74.9228,71.0526,60.4842
6596.29,-6506.12,72.2421,60.4707
3702.72,6425.1,62.7687,60.4598
7280.72,3145.51,69.5515,60.456
5568.2,-6625.28,67.1646,60.4439
7530.77,3613.39,60.6603,60.4355
623.437,-4056.41,66.5769,60.4331
-2082.2,-4766.83,110.954,60.4166
-4861.33,2015.76,87.3175,60.4159
7023.44,-6732.22,65.0148,60.4084
-1007.33,-6057.33,67.0038,60.3957
-3425.17,-6218.42,71.7797,60.3889
-4461.63,-6918.64,71.5751,60.3498
7033.62,5252.05,77.7753,60.3341
3762.25,5084.14,87.8203,60.329
3097.07,4040.2,82.9009,60.3203
-3403.98,7483.76,64.7136,60.3189
6435.69,-809.792,82.5298,60.3188
-68.6448,-5879.96,144.998,60.3082
5675.33,-7209.42,71.2116,60.2894
-7397.46,5774.26,62.2911,60.2858
6457.12,-5724.82,62.47,60.2734
-3407.23,-5154.95,101.551,60.2503
-2736.76,-5468.6,81.0461,60.2414
-4463.07,-1266.53,65.3825,60.23
-3703.91,5108.99,73.0037,60.2169
-1598.51,-4393.69,114.087,60.2112
-3674.09,-5522.33,72.3979,60.1985
3769.88,-1409.85,60.5995,60.192
7049.14,-368.031,148.984,60.1685
2303.78,-6071.83,79.1331,60.1536
-5251.87,3644.77,84.9544,60.1474
-4697.01,-2046.96,60.797,60.1466
-1658.55,4681.62,82.6239,60.1448
-4358.08,-3634.56,78.9081,60.1365
-4713.74,-6858.19,79.2409,60.1173
-1877.58,4725.51,74.1679,60.1033
6655.15,6990.17,172.807,60.0371
-7096.27,1245.56,78.7762,60.0183
-5620.2,712.202,66.1175,60.0084
-4849.87,6129.76,75.1117,59.9905
7095.66,87.2825,110.445,59.9883
-4898.11,2382.4,87.244,59.9393
7543.32,7524.21,70.6698,59.9333
-6192.03,857.83,75.3398,59.9261
3878.91,6036.59,177.877,59.9142
73.5208,-5610.45,83.1962,59.9037
-6758.61,-862.675,69.6517,59.8674
679.145,-7221.82,64.9919,59.8661
2541.15,4922.92,116.053,59.8541
-7067.25,-4269.62,82.7274,59.8207
-3349.68,-7151.49,64.2674,59.815
-6723.08,-2271.03,87.0611,59.7926
3870.52,-780.706,76.5347,59.7687
4393.49,1352.09,61.5293,59.7651
-2007.46,4620.09,64.1267,59.7642
-5846.85,4242.37,87.6399,59.7586
-3835.24,-1644.13,171.704,59.7577
2565.42,7144.04,66.1368,59.7516
1094.09,4867.43,77.1278,59.7407
2114.9,6271.42,73.2574,59.7344
-200.801,-5334.37,74.8703,59.7244
-1798.04,-6538.5,67.3225,59.7149
-7511.5,2922.35,114.626,59.7138
-1955.48,4960.58,87.3014,59.7023
1216.26,4886.38,67.7166,59.6964
4256.46,-5931.24,64.533,59.6819
-4919.22,4219.92,64.6557,59.6616
2453.45,7013.47,68.7242,59.6359
-739.111,7357.52,64.427,59.6017
7040.63,5961.08,68.2099,59.5959
5891.32,197.033,63.2921,59.576
4408.57,6658.31,169.436,59.5568
4005.15,-597.555,73.8399,59.5471
1997.85,3842.83,66.9208,59.534
7429.88,-1245.79,78.5077,59.5113
-5411.64,2652.12,75.8476,59.5045
-720.142,-6280.97,75.1585,59.4726
5635.06,3304.18,90.5603,59.468
-2220.23,7402.92,82.1667,59.4462
4816.94,2707.48,59.8336,59.4132
-722.243,-4181.11,133.032,59.3963
-5907.85,-2577.39,63.1017,59.3895
3447.35,6658.07,65.2711,59.3824
-5737.94,-781.72,95.9127,59.3749
3473.61,4380.72,61.9202,59.374
-4428.8,1457.14,83.7678,59.3613
5808.24,-6643.66,84.0785,59.3361
3693.61,-6900.86,61.2157,59.335
-4921.12,-1672.86,66.1998,59.3206
-7308.74,1516.69,108.967,59.3193
1439.89,-6985.23,65.7925,59.319
-3447.48,4057.48,64.6054,59.2996
2290.02,4934.03,74.4295,59.2781
-5801.77,-3528.2,94.4773,59.2587
-6791.4,3607.44,67.9057,59.2487
-5603.39,-925.029,167.207,59.2392
4481.7,2113.98,67.757,59.2211
-1225.49,-5684.63,72.0559,59.218
313.228,-5368.23,68.6053,59.1678
-1736.99,-6554.72,88.3417,59.1636
6074.54,-7299.06,91.1309,59.1518
4417.69,246.503,64.4959,59.1482
6528.8,1141.08,62.1348,59.1142
3771.41,-5730.51,104.133,59.1082
-5384.63,941.277,77.2789,59.0952
-4362.58,1106.04,81.302,59.0883
7545.88,2883,80.5638,59.0773
-7196.66,3852.89,89.4706,59.0545
-5061.86,5158.31,80.2277,59.0511
-1045.71,-6657.84,97.0588,59.0496
-6696.42,5262.84,70.5884,59.0357
-6781.72,3786.63,71.3976,59.0257
-6668.5,-7497.82,82.3172,59.0097
4391.72,-1537.66,129.665,59.0087
-832.159,5241.7,61.6697,58.9969
-1752.75,4586.5,75.0156,58.9761
6109.13,-1680.12,79.6411,58.9747
3934.83,-5384.77,68.3663,58.9705
-2047.46,-6999.66,64.0646,58.9253
-7405.41,2032.76,93.7608,58.921
6298.57,2287.46,63.6925,58.9082
4594.08,4330.93,114.201,58.9076
-5789.97,-6.63983,59.8837,58.9002
-5715.49,-1274.11,233.536,58.892
4929.53,-105.062,59.7827,58.8812
6965.02,-4757.51,61.1284,58.8786
-3853.67,-1283.12,64.2392,58.8483
-6990.55,2860.82,79.3433,58.8306
4764.98,532.499,66.2797,58.8167
848.868,-6257.11,155.286,58.8162
839.343,-4715.89,59.954,58.8069
-2371.4,6070.89,60.452,58.8025
-4730.32,-3942.55,78.941,58.8005
1877.79,4167.61,63.2383,58.7822
-3748.29,-1208.65,67.1445,58.7775
-1916.76,4124.52,69.5919,58.7721
6049.89,-342.827,64.2724,58.7641
4303.85,-2817.09,81.9114,58.7407
-5941.24,1212.69,66.7314,58.7355
4211.07,5602.89,71.0832,58.7181
5641.67,-3786.41,69.0396,58.7049
-1791.03,-5879.39,66.1775,58.6971
2911.16,5840.57,165.75,58.695
-4033.89,1695.75,187.523,58.6819
5966.89,3035.24,89.3003,58.6539
4063.67,322.881,81.9647,58.643
3672.53,5236.55,142.522,58.6419
5254.48,-7011.76,139.42,58.6279
-3322.82,-3851.3,62.7937,58.6078
-4632.93,-4724.9,59.679,58.6051
-1978.89,-6640.05,63.8593,58.5997
-7044.15,-5308.37,155.509,58.5643
3066.22,-7439.07,71.69,58.5611
6447.96,6787.79,87.3871,58.5593
5113.55,769.984,146.417,58.5562
-7445.98,-2008.7,76.1069,58.5294
-4825.69,-2549.61,124.093,58.4892
393.264,5387.57,69.0778,58.4849
-1532.36,5133.78,76.734,58.474
-4463.48,6801.83,67.6424,58.4707
4450.6,-126.169,72.55,58.4398
5095.36,-951.657,122.72,58.4196
-3156.36,4100.22,59.9417,58.4101
-2230.84,-5289.39,104.264,58.4077
-7475.06,1817.59,120.352,58.3903
-3714.19,4799.27,100.985,58.3878
-1681.72,-6979.11,99.3775,58.3867
7054.14,2486.59,81.366,58.3771
3575.23,-7137.8,64.7294,58.3688
5278.33,-6598.47,135.315,58.3656
-1729.66,-6724.31,84.3564,58.3593
6386.76,7200.92,58.5361,58.3442
-5627.94,5423.78,81.5429,58.3391
4229.42,-2233.18,78.5404,58.3208
4977.26,5772.31,70.8924,58.2981
639.041,5138.06,58.8939,58.2831
6649.84,-3607.29,68.2933,58.276
-5846.98,5287.78,59.898,58.2723
-2065.39,-5550.21,69.2324,58.2429
-5409.35,-1922.9,77.8481,58.2177
-6992.87,3688.85,93.5165,58.2005
-2217.65,-6100.77,66.2435,58.198
-6210.58,-3927.49,66.3967,58.1959
7225.69,1144.48,59.44,58.1602
5941.74,-1225.72,75.3021,58.1427
6502.25,-1124.88,59.1584,58.1413
7290.73,951.076,82.8313,58.1364
-5246.72,2043.85,60.0305,58.133
5480.08,2427.5,60.4869,58.1228
5664.19,4196.95,150.436,58.1142
5329.38,2770.83,68.1641,58.1007
5350.19,507.295,64.5253,58.0887
-6292,-208.95,110.786,58.0855
5093.89,2900.38,77.1818,58.0755
-4990.13,5448.41,86.3595,58.0317
3521.55,-4381.82,125.751,58.0202
-3877.59,4330.71,86.9585,58.0176
5830.27,149.937,154.715,58.0106
6138.3,5523.35,63.8091,57.9836
-6053.46,-7417.5,63.267,57.9806
-4389.9,1153.61,83.217,57.9462
6267.54,1486.07,72.2459,57.9286
-5037.65,2970.73,90.3258,57.9281
1454.6,6971.71,142.417,57.9181
-1606.94,-5674.29,83.3767,57.9065
5650.4,1442.98,93.379,57.9019
1738.77,-5858.53,61.1734,57.8639
-189.712,6237.13,62.1176,57.842
4696.18,-3367.53,73.3282,57.841
6262.01,-5319.06,61.4465,57.7771
-1183.72,-7577.31,63.2333,57.7761
-7319.73,7239.18,62.4797,57.7702
5043.05,3863.4,76.3771,57.7276
957.171,-4871.46,101.647,57.7183
-5644.64,426.578,70.0016,57.6878
-5477.31,-6624.49,68.1948,57.6817
-2368.76,-6109.34,105.481,57.6675
5587.69,-630.693,67.5061,57.6547
-78.9889,-7044.72,62.3227,57.6407
5459.05,-3619.19,65.9281,57.637
-4140.08,6637.71,100.959,57.6346
3078.78,4912.88,62.7135,57.5957
-6444.09,-6083.75,62.809,57.5913
-5280.9,6062.05,57.7757,57.5894
5297.58,18.4544,90.8371,57.5632
1932.63,-4450.87,85.7469,57.5628
-6864.12,-524.141,58.6439,57.5217
4692.74,6994.06,63.3749,57.5094
5367.66,7042.32,81.0784,57.4793
1973.43,-7426.56,70.3578,57.4708
1523.59,5916.18,67.523,57.4561
6542.12,1210.27,67.8448,57.4023
5208.5,-3734.11,98.1816,57.4004
-5860.75,4852.19,75.4582,57.393
-3528.32,5173.25,81.6828,57.3822
1257.41,6113.02,67.6869,57.3702
7080.59,5189.84,74.9436,57.3415
-4250.1,4541.88,76.0353,57.3268
-7361.78,3748.62,82.6841,57.3191
6249.32,3462.03,76.6744,57.3104
6436.8,-1322.58,68.576,57.2943
-3186.82,-6698.01,67.0781,57.293
4297.3,6233.29,58.3974,57.2582
-5808.5,1733.38,84.3448,57.2367
-4403.98,-6426.61,64.7074,57.2114
6745.63,3926.96,57.4803,57.1876
-3930.5,3417.37,61.6783,57.1816
6729.4,-3903.02,67.8433,57.1625
453.714,6542.53,67.682,57.1431
7203.67,1148.76,71.8229,57.1341
5331.76,920.06,63.8086,57.1283
6069.71,117.208,89.0898,57.1138
4430.82,1001.45,97.2304,57.1128
4899.11,2125.58,102.772,57.101
895.401,-5681.61,63.8571,57.089
-5418.67,6335.5,149.342,57.0889
-1292.44,7502.18,63.129,57.0887
-4673.28,7524.82,76.625,57.0655
7409.39,2970.8,67.4445,57.0604
-1906.87,5550.04,81.1895,57.0466
-6018.69,-3970.5,64.4849,57.0441
1589.01,3860.88,82.3301,57.0377
-5271.35,3119.5,57.1033,56.9776
-6580.29,4259.96,61.0718,56.9385
-1732.37,-7577.64,60.663,56.9361
-5596.96,3265.59,66.1204,56.9317
-5724.17,4610.7,80.5611,56.926
6701.44,1167.13,85.8459,56.9241
5948.79,-5137.89,64.8578,56.9089
5628.58,2183.74,149.988,56.8968
-6712.25,-3970.45,88.82,56.8963
4414.07,1960.1,130.781,56.8942
-5546.77,-5239.17,88.431,56.885
5805.17,1756.68,60.5772,56.87
272.724,6415.2,70.5929,56.8656
-4681.78,-702.095,78.3171,56.8449
1694.99,-7118.2,80.27,56.838
-7446.75,7.76089,73.0747,56.8337
3891.5,1365.29,120.977,56.831
-3628.88,5552.59,66.3947,56.8206
3607.06,-4780.61,80.9313,56.8106
4325.19,3509.64,81.7019,56.7524
-1418.61,-6872.38,113.626,56.7193
3417.96,5462.28,95.3675,56.715
-3152.51,6731.9,68.2044,56.694
-5169.59,7001.33,66.5418,56.6722
-2262.24,6368.44,57.1368,56.632
2472.45,3800.77,75.7173,56.6302
3613.12,-5639.77,83.5691,56.6129
3832.51,3394,59.6332,56.6109
6720.1,124.377,80.1965,56.6088
6016.43,-5362.26,61.5471,56.6064
7423.89,6651.05,76.117,56.6004
-6021.56,-3054.38,76.1505,56.6003
3570.97,-3879.14,68.5534,56.5771
4173.92,6368.36,172.504,56.5664
6090.28,-3519.28,74.7443,56.5575
-4740.31,5041.47,69.6145,56.551
7223.8,-7335.55,60.7078,56.5343
6388.25,5758.92,59.4274,56.5322
-3743.25,7250.62,100.929,56.5176
2794.63,-4708.35,69.6366,56.4965
-2845.88,-6373.38,63.416,56.4933
-1886.25,4064.92,148.207,56.4529
3981.17,3470.67,65.6885,56.4232
6300.85,736.446,58.2773,56.395
5467.97,2539.55,78.2014,56.3812
-60.5333,-3928.28,73.912,56.365
-7115.13,-2130.44,56.4752,56.3535
5333.18,-1404.78,59.7166,56.3526
6532.42,-7292.23,67.6993,56.3523
5791.88,-1109.02,69.5744,56.328
-7445.42,5875.61,62.4552,56.2969
-4589.2,7007.21,72.343,56.2878
7377.44,-4579.51,89.3173,56.2856
2380.64,5516.23,72.8479,56.2812
-1226.69,-6593.74,56.5384,56.2752
5719.99,-254.496,103.155,56.27
-1590.55,-7165.76,60.8709,56.2595
3291.64,-7592.39,69.0754,56.2332
-4675.7,1753.02,56.3155,56.2172
4458.11,1965.77,69.1377,56.1834
-3809.45,4609.87,64.7774,56.1604
2573.37,-5831.63,133.744,56.1519
-3788.05,-2395.92,87.8826,56.1199
5553.87,1722.38,61.8953,56.1166
5042.43,1377.08,59.0568,56.1093
6557.75,3529.88,59.132,56.0978
-6434.47,3892.38,58.8074,56.0945
5455.28,-5139.43,85.1381,56.0608
4994.74,2203.38,119.705,56.059
-5069.55,-4297.26,83.2525,56.0587
-3122.29,-4615.55,60.9689,56.0469
2931.75,-6123.01,87.5557,56.0405
4032.61,-780.61,90.5309,56.0376
-7380.31,4980.37,67.0658,56.0321
6861.22,3270.94,131.976,55.9961
-3742.02,4567.58,195.671,55.9886
5459.35,-4644.25,63.2355,55.9866
1010.25,-4026.99,88.0403,55.98
5580.26,-3658.13,100.396,55.974
5100.09,2093.87,65.9351,55.9299
845.681,-4911.4,102.042,55.9178
-1112.46,-5223.01,65.7675,55.907
6697.85,-3270.98,85.9666,55.891
-6256.76,4812.45,147.713,55.8258
-7303.15,-2848.04,80.1382,55.8165
2135,-5456.67,90.0107,55.8113
-5135.19,2558.34,60.9114,55.7782
872.849,4732.31,59.7563,55.775
-6264.42,-7064.05,143.721,55.7703
5116.22,-7061.45,56.5631,55.7674
1238.95,7458.95,97.3397,55.7299
-1662.03,-7238.99,77.7941,55.7278
5275.36,3898.08,66.1078,55.7196
-2828.91,-4497.29,71.2497,55.7
130.155,4295.34,59.5603,55.6974
-7513.03,-478.943,84.5867,55.6791
3018.28,6676.18,77.6396,55.6781
1272,5819.81,110.711,55.6541
-6098.63,-1770.16,117.188,55.651
-1042.03,4248.85,55.9587,55.634
-4233.3,2360.74,64.6055,55.6225
-6521.95,-4914.84,77.8981,55.5892
212.498,6977.67,57.8849,55.564
-836.071,4121.37,80.0763,55.5637
-4243.07,-1302.95,59.0947,55.5517
-3472.41,4789.93,67.269,55.5428
2312.52,7138.61,118.067,55.5254
5613.71,2378.88,57.4978,55.5136
-5996.49,6954.3,78.0828,55.4842
-7446.85,-6479.12,105.443,55.4746
6134.16,-7037.56,56.0376,55.4692
808.385,4947.97,174.66,55.4637
-4398.73,-1889.42,61.378,55.4396
-4538.49,90.8542,64.0201,55.4351
-4178.78,2406.18,96.4182,55.4327
1055.2,-4488.55,69.9717,55.4256
3652.75,4095.62,76.2523,55.3948
5931.1,7174.13,178.165,55.3869
932.544,-6923.45,69.3618,55.384
-917.321,6752.26,62.586,55.3826
-405.74,6119.34,63.5888,55.3648
-6997.34,194.497,63.4262,55.3622
-6704.42,2941.8,59.1026,55.3563
3784.81,2625.71,67.652,55.3433
-5946.37,-5010.49,65.4908,55.3218
5680.81,397.56,55.4011,55.3174
-5162.49,4536.61,67.3338,55.3146
4047.38,1257.99,65.4505,55.3113
-7442.25,-7241.54,83.5078,55.2917
-3126.97,6031.72,58.4778,55.2913
-1614.15,6354.73,65.6553,55.2881
3944.16,6605.06,103.267,55.2875
-6825.68,3939.56,70.0326,55.2718
-6114.4,1375.08,71.4244,55.2524
5133.1,-618.964,59.4233,55.2408
-4947.18,1931.05,72.9636,55.2342
6147.39,-1411.03,73.4812,55.2132
4168.5,5926.87,137.425,55.1654
4492.84,4852.24,76.673,55.1571
-5563.4,-4881.05,64.7376,55.1529
-4924.24,-4367.57,63.9322,55.146
1842.87,5649.91,121.273,55.1443
3525.19,-4072.97,75.4311,55.141
3775.95,1003.16,65.8124,55.139
-5185.17,-4863.03,74.1272,55.127
6411.81,-7496.91,61.6018,55.1236
5496.32,7585.89,57.1089,55.1221
-4206.43,-2633.81,55.1613,55.1144
3562.12,-5642.48,56.2242,55.1125
-1201.38,5938.87,137.965,55.1013
3649.29,-5423.72,100.685,55.0944
1298.97,7508.45,57.9112,55.092
3066.55,4925.96,58.0626,55.0867
-5427,5763.06,70.6332,55.0825
-3842.64,-3725.98,86.7041,55.041
5830.67,-961.313,62.7237,55.0303
-6115.33,1642.49,61.9508,55.0214
-7353.12,3243.66,79.0781,55.0213
3730.61,-7049.24,85.5042,55.0126
5224.65,-6459.09,70.862,55.0081
-1643.4,-5018.48,161.215,54.999
-4416.66,6779.76,60.5975,54.94
-6142.11,167.069,79.3985,54.9263
3733.84,6663.76,75.2514,54.9051
7579.88,5224.5,64.6821,54.8848
-3115.2,7111.37,103.788,54.8834
-6204.49,-1148.46,56.9918,54.8444
2415.5,4385.93,63.9277,54.8311
-254.619,-5499.41,88.2926,54.8192
3535.48,5491.38,73.6158,54.8173
-5853.92,3884.33,88.883,54.8166
3880.73,905.118,72.1927,54.8146
1179.01,4280.64,57.7423,54.8002
-2900.82,5075.57,64.4088,54.7742
-7408.66,2166.08,73.727,54.7465
3528.86,-5757.53,59.75,54.7229
-4533.83,1949.24,72.1787,54.7032
-1995.01,5861.4,55.1255,54.703
-1237.81,-5318.45,106.833,54.6955
3588.87,4946.18,81.652,54.6869
-882.725,4142.3,101.689,54.6827
4133.9,1838.13,69.437,54.6796
3962.83,6212.39,55.8379,54.6676
-7387.23,-1543.87,64.6444,54.6639
-1723.85,-6999.42,74.2782,54.6346
4104.06,-2818.26,149.291,54.5944
-508.16,-7022.06,123.463,54.5918
2340.18,5765.64,59.0562,54.5685
-7279.65,-5510.99,110.459,54.5638
4668.76,1923.74,106.682,54.5368
5063.79,2604.83,60.3634,54.5252
3947.52,2126.78,113.802,54.5222
6416.33,3821.07,135.817,54.5187
3784.49,4162.51,67.9614,54.5181
-6621.4,-1092.42,84.6723,54.5168
5335.28,-848.827,67.0773,54.5059
1788.47,-6872,61.5459,54.5047
3721.96,-4865.26,70.3372,54.5033
-3813.81,6164.77,70.3218,54.4649
2043.86,-4786.06,71.9553,54.4632
-4238.61,1118.91,60.7058,54.4623
3810.41,-6654.12,71.4218,54.4575
7470.76,-2311.53,90.289,54.4512
7422.13,-7115.36,67.0444,54.4492
604.516,-6146.26,96.5716,54.4276
1852.38,-5421.99,61.7127,54.423
3084.21,6476.04,77.1415,54.4217
-6545.02,-912.201,69.6059,54.4211
3375.69,-6474.46,57.1399,54.4132
-4957.73,-6255,99.5638,54.4057
6823.84,4287.2,66.349,54.3863
-2711.17,-4297.95,72.0951,54.3744
7179.87,249.76,107.164,54.3658
-4951.93,-1489.39,83.8452,54.3478
1582.55,4414.89,150.025,54.3284
-5997.03,-1477.69,59.4767,54.3265
4394.74,-5574.07,85.6685,54.323
-141.092,5039.5,112.44,54.3153
6132.89,-4156.16,57.1673,54.3148
-7074.76,1109.38,83.293,54.2929
-2891.77,-4062.42,93.6652,54.2899
-4992.99,-1582.86,57.6029,54.2822
7324.73,-3431.51,60.1389,54.2721
6310.09,-5676.51,60.3712,54.2709
-5291.25,-2492.97,59.6356,54.2529
-5765.69,-7571.87,56.9965,54.2275
4505.74,-6161.09,58.7715,54.2247
142.302,-4334.69,102.158,54.2181
4248.05,27.9241,100.434,54.2037
-2181.25,7033.58,80.5623,54.1969
6251.01,-3064.47,67.5666,54.1685
1883.91,3793.3,57.5458,54.1636
-7426.67,-3385.04,56.185,54.1635
-7037.73,-3509.44,57.5758,54.1538
1522.44,-5444.56,60.7748,54.1474
7003.96,-2958.9,139.031,54.1258
2412.02,-4699.12,77.4639,54.1225
-336.126,-6813.04,65.3216,54.1145
3211.8,4289.09,211.26,54.0655
325.253,-6355.35,75.2118,54.0624
7124.22,-4905.17,77.1462,54.0455
-45.6634,-6199.11,60.1552,54.0419
-7273.19,414.585,177.536,54.0356
2786.32,-4923.41,76.8647,54.0081
-4603.14,-6373.42,98.0744,54.0066
4702.54,6622.28,122.008,54.0058
4907.42,5394.22,55.6597,53.9727
-753.784,7147.47,61.2271,53.9591
-6947.76,5447.12,85.4064,53.948
-2855.92,-4495.02,148.114,53.947
-1190.85,6190.89,109.898,53.929
5464.43,-1057.98,70.4609,53.9236
3404.27,-6307.76,133.919,53.9201
6240.38,-6506.14,71.9419,53.905
-7461.76,1646.09,129.834,53.9019
3970.4,-2002.13,64.2936,53.8473
5341.68,-2754.26,171.973,53.8391
4552.87,6843.1,62.6193,53.8334
6320.45,-4818.33,58.9246,53.8332
6651.8,3940.47,127.113,53.8237
5419.81,3607.43,85.931,53.8206
-3676.79,7356.32,66.4142,53.8128
-3789.04,3925.58,66.9101,53.8088
-5884,1757.38,83.2868,53.7853
-119.546,7586.62,61.548,53.7837
6825.98,-3236.52,59.563,53.743
-3734.39,-267.314,131.959,53.7415
1060.72,-5192.29,55.4208,53.7331
-4615.63,632.329,55.3939,53.7197
-5748.87,-1105.04,88.1019,53.7118
-5163.64,1708.76,59.1059,53.7102
5442.19,-56.821,75.1749,53.7019
5651.01,3335.97,146.362,53.6839
-4004.59,-62.8346,57.2116,53.6661
3666.93,-4270.82,83.8895,53.6336
5092.64,-2241.76,64.6049,53.6295
3833.17,-6135.54,69.5215,53.6284
1490.19,-6664.47,67.7135,53.622
5705.94,3314.91,108.99,53.6201
3740.37,2132.72,89.5512,53.6029
3049.44,-6163.07,60.7848,53.5954
6060.99,-2864.3,75.476,53.5952
-1774.4,3944.27,64.0441,53.5909
-3818.58,4950.44,72.6004,53.5783
5546.38,5024.83,78.4467,53.5629
5282.49,-2508.89,58.8605,53.5515
-3652.45,5118.1,70.3162,53.5425
-5342.78,-2782.29,66.7158,53.5344
7348.88,318.681,70.5868,53.4984
6718.2,-5836.04,67.0534,53.4861
5858.85,5073.55,59.9252,53.4651
6195.53,-5939.45,77.8711,53.4481
2785.96,-4738.12,81.2879,53.4387
2347.6,4350.67,60.7702,53.4365
5924.56,-2752.05,60.2455,53.4345
-1105.29,4322.16,69.4553,53.4318
5160.79,1979.39,59.7258,53.4317
-4436.15,3044.99,56.7934,53.4317
-5470.34,-7293.84,66.7989,53.4255
-5918.43,5013.91,54.917,53.4176
624.281,-6696.3,99.4576,53.4166
-6268.14,-1015.07,64.1843,53.4095
-7575.58,-5825.02,55.1227,53.406
4852.52,5526.95,89.6405,53.3922
-6998.6,-2761.27,88.3394,53.3854
5080.75,6914.54,62.8393,53.3804
5156.53,-4392.35,53.3856,53.3755
3105.2,7271.31,81.231,53.365
5364.85,-1337.89,62.0141,53.3511
-6397.15,4918.21,86.6165,53.3432
3967.71,785.123,54.5261,53.3417
-554.29,7481.74,83.8364,53.338
3645.89,-5756.38,61.457,53.3343
-141.832,6792.07,61.9177,53.3206
-5051.32,-5999.65,85.3006,53.3054
-2478.95,-6603.1,78.1723,53.2792
-4257.91,-1702.75,65.2314,53.2624
5214.6,2458.12,62.128,53.2586
5956.5,2252.75,73.2758,53.2524
620.807,-5784.32,54.1405,53.2418
6418.1,296.506,64.7253,53.2408
5171.42,-5928.5,61.4362,53.2371
7565.81,2150.28,57.5977,53.229
7198.67,-1559.91,58.7799,53.2273
6897.5,1497.29,58.4271,53.2249
-3978.46,-5946.99,62.8694,53.2151
-3725.15,-4315.14,79.5316,53.2137
4574.92,5797.58,56.0596,53.1959
-2560.5,5400.5,71.962,53.1812
-629.802,6263.45,76.5297,53.1473
1944.15,-6561.9,115.225,53.1408
-1729.77,7352.63,142.617,53.1356
-4666.29,-982.064,65.4452,53.1119
-5878.4,-3787.65,73.5191,53.0958
7193.21,-3773.12,80.799,53.0757
6335.71,2020.29,80.6774,53.0567
-64.7239,7019.05,70.5128,53.0506
-992.257,5498.62,56.4724,53.0501
-4849.17,-4841.12,59.5212,53.0435
2465.06,5016.57,60.5567,53.0428
-7310.14,1112.41,78.1568,53.0314
7539.52,-1239.48,57.0175,53.0264
-6400.8,-5922.8,66.5685,52.9925
-2734.58,4708.93,76.7781,52.9653
1800.1,7480.09,56.9089,52.942
-5449.06,-2385.75,107.841,52.9275
-705.726,6394.34,61.6797,52.9192
4365.61,6003.71,82.2183,52.9027
-6343.77,-3688.41,58.7789,52.8945
4584.49,-160.441,53.9235,52.8927
-4116.8,-210.05,60.7322,52.892
4157.41,-4034.49,53.9983,52.8878
-7021.22,3256.71,59.0718,52.8869
-5635.67,-3476.02,70.4958,52.8659
71.4131,-6392.81,161.287,52.8601
4350.2,7569.29,57.7893,52.8474
6239.18,-5919.1,126.793,52.8459
-5476.72,5881.11,88.4614,52.8312
4376.05,-200.932,99.968,52.8289
-4777.86,-3894.08,61.1242,52.8263
2233.69,-6933.03,58.6673,52.8137
-3844.82,-317.226,63.6026,52.8049
6512.47,5252.5,57.3393,52.7928
6210.19,-316.369,55.4766,52.7724
5955.6,6072.87,77.5104,52.7655
7536.53,-6632.35,62.9765,52.7619
5479.83,1533.75,60.7163,52.7602
-4134.69,7362.34,146.202,52.7562
-5529.17,807.532,59.5718,52.753
4320.02,1196.2,56.5598,52.7475
5083.52,807.808,58.2208,52.7427
4355.57,4476.8,54.552,52.7413
-7344.25,-7272.26,92.2643,52.737
-1394.1,6995.3,73.5993,52.7141
5361.55,4890.94,178.894,52.685
4397.68,-4482.42,67.3647,52.6765
-1541.55,3950.6,52.9795,52.6722
6253.44,-4893.16,84.1266,52.6527
6660.38,-2369.36,60.5063,52.6384
-672.072,7524.04,113.513,52.6273
-4098.29,3608.31,74.3664,52.6269
5840.42,-6418.5,83.9013,52.6228
-616.115,-6965.26,68.8974,52.6123
-6084.73,3248.12,85.4941,52.5527
-923.73,6643.35,61.9929,52.5366
-7182.34,1557.33,56.9616,52.5315
-453.919,-5006.46,79.606,52.523
1896.65,-6853.36,80.0374,52.5148
-5825.73,442.026,146.302,52.5121
-6200.13,5058.16,60.6108,52.4671
733.336,-3918.93,53.4282,52.4663
5957.82,-3355.48,56.0527,52.4631
7430.56,-3791.17,75.7898,52.4602
-3923.34,-4523.42,82.8997,52.4487
5391.14,-5734.76,71.2795,52.444
5093.04,-4354.96,62.6521,52.4215
-3973.73,5687.06,154.477,52.4203
5001.72,1704.54,57.7662,52.4202
-3855.08,7562.16,81.7898,52.4178
-3170.15,7458.26,55.256,52.3999
2592.49,7027.72,70.8444,52.395
-1748.86,-6995.25,71.2977,52.3916
5509.03,-3621.76,111.15,52.3907
-5258.4,-5226.92,75.8517,52.3738
6614.78,1774.34,85.3912,52.3692
4951.68,-2554.67,77.0491,52.3589
4578.23,5393.37,59.3434,52.345
-6166.73,-2716.99,58.7729,52.3327
-5018.12,3786.87,59.1778,52.3289
7346.86,1142.19,71.7028,52.3286
-7014.92,7182.06,77.9874,52.3096
-2640.86,5167,75.5106,52.3066
-6214.51,2581.84,69.6814,52.305
-1346.77,6401.41,88.2458,52.2948
-2529.98,-3898.39,61.2345,52.269
-2767.16,-7125.6,55.0933,52.2616
2423.64,7353.37,107.292,52.2509
6437.86,-1828.7,52.9178,52.2358
5358.31,-5747.34,70.895,52.2153
5979.74,-1598.69,88.607,52.1716
-2409.4,-5999.23,74.2103,52.1698
-1906.56,-7589.97,66.0359,52.1691
290.963,5854.33,62.5395,52.1607
-4630.58,5178.23,59.1142,52.1594
-4007.47,-1498.35,69.3034,52.1479
-3636.9,-6198.15,71.2791,52.1355
-6441.42,1884.72,57.728,52.12
4997.72,-459.174,194.065,52.1056
-209.974,4871.64,67.8223,52.1024
-4073.08,-1040.15,62.2693,52.1011
-3943.84,-6870.56,142.289,52.0877
1178.9,-4203.1,58.1219,52.0863
1957.47,-4173.84,62.146,52.0854
4401.85,2225.97,52.6427,52.0461
-3360.49,5683.07,66.3136,52.042
-6351.19,6193.78,165.525,52.0266
-4303.39,-1784.53,55.4976,52.0203
711.51,-6813.77,80.5634,52.0197
-3894.57,-4098.3,66.3875,52.0147
-7360.14,3697.96,72.8377,52.0103
-4273.78,931.239,79.7993,52.0101
195.156,4503.32,64.9861,51.9929
4138.73,1544.34,70.6766,51.9668
-5949.83,-5266.71,62.931,51.9371
-7022.55,-4457.64,69.2853,51.9257
1682.23,-4936.61,55.7619,51.9226
3812.87,6110.66,61.7815,51.8718
-3958.54,-2215.72,59.6112,51.8628
2910.92,-4311.53,53.1528,51.8586
-7105.2,-7161.32,60.5273,51.8516
-145.665,-3922.51,167.158,51.8435
5969.89,57.5202,91.8277,51.8402
-6367.34,-5211.57,88.1852,51.82
-6672.43,-2306.42,53.3114,51.8156
-926.221,-7325.45,63.0285,51.8071
-3748.15,-7130.46,56.9116,51.8019
-4966.64,-865.408,52.3106,51.798
7214.97,6891.94,70.1311,51.7965
-5433.2,-2561.36,73.454,51.7825
-4455.06,-1463.05,76.1392,51.7785
882.215,4685.12,142.118,51.7645
-4898.4,-6604.35,82.8653,51.7419
-6468,1988.79,58.9451,51.7317
4957.1,-6381.1,66.7859,51.7122
3799.4,5248.02,75.1464,51.707
2205.91,6020.42,63.7114,51.6961
5567.04,4486.33,95.4148,51.6757
-6583.81,3085.68,83.0444,51.6743
6789.19,-5182.88,56.5111,51.674
-5812.7,2439.39,67.8225,51.6715
4454.31,6618.34,52.9468,51.668
-6477.27,4198.87,161.829,51.6633
-3394.76,-7172.44,72.2215,51.6524
412.994,-5890.26,59.1983,51.6498
4781.56,5361.5,91.0709,51.649
-5158.8,-1385.78,54.368,51.6435
-29.8949,-5772.12,53.4523,51.6419
6490,2248.11,61.7665,51.6321
6838.31,4373.04,127.677,51.625
-717.899,3742.29,170.532,51.6226
-5709.87,5723.27,63.8641,51.6148
-4432.95,5336.67,158.825,51.6043
-5119.98,-5365.5,65.5877,51.5998
4716.24,2876.55,53.5534,51.5939
7420.25,-4957.17,82.8871,51.5896
2440.8,4182.86,51.7773,51.5846
7476.68,4388.76,61.772,51.5705
-5571.18,-7272.69,203.085,51.5595
353.172,4751.48,59.6039,51.55
1073.39,-5894.37,57.0398,51.51
1432.73,4001.19,52.2835,51.5033
-3836.81,560.977,82.4068,51.4883
338.639,-4169.16,60.3115,51.4775
-5429.64,5065.61,63.6586,51.461
6671.53,-5868.3,52.8512,51.4484
1428.58,4732.63,111.549,51.443
-7198.55,-7062.35,54.5339,51.4369
-1915.84,3915.55,51.6719,51.4351
-4869.16,5688.27,52.5514,51.411
2745.46,-5827.82,55.3958,51.4079
3784.56,3907.32,66.1447,51.3909
-4189.33,-2087.83,52.9957,51.3748
-4934.51,-3333.32,61.8837,51.3745
7161.43,5875.91,66.0529,51.3689
6507.77,3031.47,63.6122,51.3581
-2577.93,5063.63,53.9037,51.3525
-3997.69,-6629.39,54.3208,51.3512
4071.2,6767.33,71.1396,51.3478
-5604,-4299.81,59.3118,51.3391
1160.87,6679.07,75.7346,51.3181
-5409.9,-7077.13,59.0842,51.312
-1595.34,6571.14,68.7863,51.3116
-7162.54,-6851.8,118.01,51.3021
2160.34,-5762.12,51.939,51.2995
6755.76,4904.4,66.7774,51.2935
-2087.41,-4716.91,55.6352,51.2822
-5843.34,-5335.71,52.7103,51.271
-7400.33,5819.45,101.84,51.2405
407.059,4249.15,57.0989,51.2213
739.69,5116.08,64.4418,51.1931
-7257.95,-7538.14,58.9469,51.1833
6965.87,5824.53,61.4947,51.1583
4806.99,-6689.32,95.7948,51.1561
1869.65,5245.58,56.9229,51.1546
-2387.65,-5275.26,78.6213,51.1427
-926.401,-6813.92,72.6895,51.1371
-5225.42,5676.92,69.5282,51.135
-4643.33,-3231.94,160.708,51.1291
3355.76,4606.4,51.3974,51.1262
-2045.12,4627.56,211.002,51.1149
-3185.13,7122.87,173.534,51.0991
-6045.78,-5249.57,101.97,51.0881
-7543.6,2907.03,62.7863,51.0847
-2434.74,-7570.11,64.3881,51.0803
-7396.21,-7180.76,62.0865,51.0718
4143.55,-1871.88,52.7382,51.0575
-5060.23,-2450.22,52.4814,51.0546
-2575.44,5014.52,54.8692,51.0528
-1026.27,5423.88,67.868,51.0336
-4969.88,6298.85,59.8744,51.0176
4986.17,-5047.52,72.2157,51.0135
-5664.01,-6127.31,57.0881,51.0058
-4939.89,-3681.8,62.5376,50.9987
-3303.01,-5465.22,58.0631,50.9935
-5201.51,-7170.47,68.0237,50.9932
-7213.75,5031.35,69.5268,50.9923
6916.98,6989.79,56.6191,50.9923
5110.46,1907.43,54.9159,50.9915
5955.14,-6822.67,53.1077,50.9893
-213.96,-4455.72,73.5873,50.9794
1295.69,-4219.17,57.7682,50.965
1804.38,-5207.09,61.6618,50.9605
6531.45,-6126.16,53.3324,50.9599
-6066.55,2722.61,58.4659,50.9573
2587.31,-6983.73,62.0403,50.9517
-4265.74,-5274.58,62.5665,50.9466
-5666.02,-5646.84,59.9346,50.943
992.277,5899.19,52.8981,50.9395
4420.64,2432.59,161.496,50.9372
-2876.34,-4553.86,58.6228,50.9272
1845.91,-4011.25,69.4961,50.9113
6846.77,-2344.89,58.4945,50.9043
4871.57,592.122,70.599,50.9033
-5805.39,1868.83,138.092,50.9021
-4010.43,-3102.77,79.4995,50.8908
-4130.73,-3824.24,60.6312,50.8879
-6222.17,4867.93,64.3353,50.8438
98.9025,5075.66,55.4914,50.8404
-44.0974,-7432.19,56.9878,50.8397
-1497.63,5920.64,57.2795,50.826
-753.253,-6793.6,54.7316,50.8144
-5912.66,-5966.23,102.17,50.8051
5163.57,-2177.93,111.324,50.7844
-5051.17,767.972,80.4465,50.777
6918.96,-6086.03,86.3621,50.7764
1605.16,4195.12,80.4114,50.7744
-5449.56,-2687.56,145.383,50.7685
-2196.78,4327,55.2859,50.7673
-6403.85,627.796,56.3015,50.752
-595.372,-6980.34,58.532,50.752
7326.24,-4098.14,58.2183,50.7471
-1343.04,-6695.49,63.0091,50.7439
-6071.95,1156.3,71.5426,50.7398
-6068.31,-6111.59,55.8772,50.7115
5407.22,-5410.72,104.556,50.7095
-6089.36,-4675.45,65.5094,50.7051
-3776.51,5083.22,79.9977,50.689
6289.62,-2550.86,54.2626,50.6882
935.676,-5697.76,64.1019,50.6782
-4814.94,2164.34,51.4745,50.6746
6798.81,-6147.99,54.4944,50.6722
-2962.68,-5360.12,56.7647,50.672
-240.352,-4494.94,133.325,50.6515
1159.58,-7386.3,62.2666,50.6513
5399.97,2365.65,55.8068,50.6305
-6996.17,3699.33,178.495,50.6265
-1944.71,-5593.8,80.2426,50.6253
-5577.26,-2507.72,89.2132,50.6213
3901.68,-2725.87,71.2587,50.6211
180.508,6133.08,53.9776,50.5947
-6236.59,5545.19,52.6336,50.5856
4899.57,-4388.12,63.5151,50.5851
6959.26,5555.3,73.6296,50.5806
6687.91,6350.88,59.6528,50.5642
-1505.53,-4828.22,54.4981,50.5638
6783.95,3454.27,60.5382,50.563
-1376.8,-4055.68,50.952,50.532
4722.28,4198.38,51.4702,50.505
-4205.78,-4727.21,55.55,50.5022
-7378.51,-6351.48,54.776,50.4992
496.097,7069.93,77.4481,50.4819
-4203.18,878.477,63.4884,50.4805
-3883.66,-1189.76,59.3035,50.4781
-2818.17,-5537.16,54.4851,50.4781
2456.38,-4176.2,53.58,50.452
1707.12,-5289.56,76.9259,50.4441
6212.65,3129.06,68.7748,50.4382
6179.04,-940.876,71.7367,50.4362
7339.58,-1821.6,56.268,50.4174
6446.85,6950.93,70.6309,50.4148
-5655.94,6302.78,52.1943,50.4136
-5236.46,4715.69,118.516,50.402
6013.21,-1200.53,128.571,50.4018
321.679,-5961.64,63.7188,50.3855
-4954.07,-5045.36,63.3358,50.377
-3344.73,6577.1,55.0074,50.3713
5339.91,6417.51,91.8943,50.3538
4231.9,5326.13,56.6281,50.3504
5681.88,-5155.08,57.8657,50.3346
-2723.84,6573.71,51.4383,50.3168
-583.638,5857.9,52.2337,50.3022
-4907.55,5956.26,53.2042,50.2898
5977.46,-1342.9,55.671,50.2832
-4485.61,5973.48,55.8757,50.2826
3062.97,4341.5,60.7668,50.2649
4589.67,-4510.72,50.5218,50.2402
-7404.93,-7033.79,63.0538,50.2347
2880.37,-5333.88,51.4555,50.2337
-4209.8,219.243,63.7668,50.2335
-1049.53,-7074.08,81.0861,50.2318
-1960.54,-7567.96,58.6138,50.2251
-6289.43,1581.72,57.9171,50.2025
2758.96,4428.66,59.6405,50.1836
833.118,-5895.04,72.3759,50.1765
-6744.63,-2262.29,56.6928,50.1711
1824.9,5393.58,83.7703,50.1556
-5704.59,5472.91,51.146,50.1336
6397.56,3742.13,87.8898,50.1286
6974.56,7321.36,78.0321,50.1234
5897.65,1139.15,88.3072,50.1209
-4694.33,-4896.25,100.234,50.1035
-1088.59,4690.53,51.1757,50.0856
6517.14,-3032.58,101.438,50.0644
-1488.77,4340.62,61.5389,50.0509
-7372.65,-2362.63,68.9027,50.0259
2155.63,4166.89,51.6335,50.0238
3117.06,-1838.35,173.54,89.45
-1877.05,-2400.8,231.72,89.27
3001.63,-2310.63,166.14,89.22
-2594.99,-3481.28,104.97,88.68
-2135.4,2437.12,122.84,88.44
2536.73,3091.01,138.32,88.21
2551.6,-2583.91,155.88,88.11
-1050.14,2674.94,88.58,87.9
-814.66,-3375.12,88.38,87.89
661.29,-3079.61,151.98,87.83
-2930.17,-1259.37,104,87.54
2249.81,-2613.87,184.5,87.51
3671.96,-3174.24,97.56,87.24
-2499.23,-1276.68,154.06,87.23
3251.62,894.11,115.06,86.61
-2850.13,-3309.58,93.23,86.52
-2426.7,222.88,89.48,86.49
2030.17,2631.29,189.51,86.19
3579.76,1801.82,89.72,86.1
-3039.9,-128.98,170.59,85.18
-133.14,-2730.27,92.59,84.45
-705.87,2972.9,112.23,84.34
471.73,-2933.19,96.35,84.27
-2613.15,-3312.37,84.24,84.21
1786.14,-36.64,178.7,84.16
-193.98,3069.01,168.67,83.88
-3403.75,-473.01,112.54,82.7
-3024.88,3285.21,116.71,81.8
-1254.17,-2860.53,100.17,81.69
-375.69,3012.37,88.36,81.45
-1721.14,2981.33,87.47,81.28
-985.73,-3546.23,86.94,81.25
3430.88,-3646.57,103.79,80.96
-3136.46,-507.43,108.95,80.87
3569.29,-87.88,90.68,80.57
3288.88,-3176.18,81.92,80.43
2281.77,-720.19,123.01,80.4
-1601.5,2202.03,79.46,79.2
3621.64,-2339.97,87.38,79.12
1433.37,-2230.38,149.45,79.05
3323.55,-491.29,168.85,79.02
-2260.85,-2189.19,129.99,78.86
-1999.89,-3240.16,103.53,78.74
2785.45,-950.06,127.57,78.59
2492.58,734.89,100.21,78.57
2284.51,251.36,98.92,78.54
3033.42,3432.02,101.74,78.43
-1882.49,-2870.56,104.99,78.3
3289.5,-2135.41,78.38,78.23
-1281.98,-2884.63,108.8,78.19
3390.65,-1027.62,84.51,78.04
2795.7,1567.02,111.24,78.04
-2814.44,-1709.16,80.48,77.84
-72.06,2150.78,101.63,77.61
2143.06,1180.25,123.16,77.46
-2277.76,-663.56,81.53,77.22
-1092.32,3103.42,91.82,77.13
2620.99,-3035.08,105.22,77.09
3608.65,1280.53,103.33,77.05
1668.91,-3585.58,83.52,77.03
-3111.99,3371.03,108.75,76.97
-1968.42,-2248.94,83.09,76.96
-3359.6,1663.69,92.63,76.88
-2877.61,1323.77,94.91,76.49
2943,69.47,128.73,76.29
-2172.7,-1577.08,85.62,76.21
3691.36,955.32,85.11,75.9
-1305.41,-2241.87,97.79,75.87
1715.85,2296.51,80.75,75.74
2178.58,-574.68,75.55,75.45
2123.86,-1927.5,95.69,75.32
254.49,2192.44,75.79,75.25
-2860.03,1101.56,100,75.15
-534.67,-2299.67,83.42,75.07
3439.34,-617.58,135.35,74.98
2474.96,-19.51,125.77,74.83
-2230.06,-2001.5,104.01,74.68
2646.56,397.16,111.66,74.59
843.37,-2651.71,150.7,74.46
1751.5,-1590.91,129.89,74.27
-1095.13,3279.03,84.67,74.08
243.19,2562.24,88.44,73.84
81.92,3265.32,82.34,73.71
3057.33,1422.19,157.96,73.68
3548.73,1728.83,89.04,73.58
1307.93,3691.85,114.16,73.54
-395.25,-2442.03,82.14,73.47
-2732.88,2439.86,77.94,73.38
-3099.91,3361.46,87.8,73.16
-2449.33,3374.73,162.5,73.14
77.97,-2078,76.49,73.13
2036.96,2559.51,77.91,73.07
2160.01,650.85,78.09,73.03
-1623.58,-2671.75,73.15,72.85
-1612.84,-3419,82.39,72.78
2998.2,2076.48,79.62,72.77
1107.41,3620.5,112.03,72.77
456.37,2785.65,111.51,72.65
-825.75,3392.7,82.96,72.54
-1184.99,-2009.84,81.35,72.46
-3070.34,625,111.02,72.41
1909.26,997.24,81.6,72.41
958.3,3292.77,88.89,72.31
-1676.66,-2282.52,85.5,72.3
2320.02,-2880.59,122.38,72.26
1322.08,-3589.96,162.78,72.23
-679.17,-3337.14,73.13,72.21
-2349.29,1107.25,72.74,71.84
1954.16,-1387.23,175.95,71.76
3603.93,3132.56,113.12,71.75
-1958.99,3740.18,71.88,71.69
1522.14,-3596.05,86.39,71.62
-1853.21,1139.06,82.65,71.53
-51.91,2154.57,72.59,71.4
-3267.51,-447.47,79.71,71.26
1931.17,3538.79,90.65,71.24
635.33,2026.29,126.2,71.22
1393.77,1836.13,74.26,71.21
212.89,-1866.57,107.01,71.14
-749.82,2287.95,114.2,71.07
3523.37,2401.13,73.69,71.02
2426.34,2994.39,73.38,70.57
-3135.01,-2575.95,76.26,70.56
-1181.31,-3409.65,84.66,70.43
-2838.86,-873.58,86.73,70.23
-1223.86,-2638.32,75.31,70.19
-3248.76,-3669.86,82.99,69.96
3163.86,2487.02,71.05,69.71
58.47,2069.48,91.74,69.65
-3548.6,3467.65,71.89,69.6
3246.16,3266.34,131.02,69.55
-3100.06,-2737.24,81.97,69.53
3017.97,298.08,79.6,69.43
2823.04,343.72,75.39,69.25
-2158.44,-1719.56,72.94,69.13
-2325.54,224.25,87.79,68.85
-178.7,3181.77,73.25,68.81
2374.42,3014.3,107.42,68.66
2060.31,-521.12,79.84,68.62
596.64,3358.18,81.05,68.51
2271.19,235.71,68.72,68.43
1394.75,-2304.09,94.77,68.41
-1474.77,2105.3,177.33,68.27
2389.46,-2150.26,81.69,68.21
2750.8,1945.24,80,68.12
-2808.66,-2192.7,84.04,68
1062.25,2810.15,69.8,67.96
1966.66,-3613.03,92.32,67.9
3057.32,1580.1,68.54,67.81
1274.54,3087.68,74.83,67.73
2918.31,327.27,80.69,67.64
1333.31,-3699.67,88.35,67.49
-2045.07,1773.41,103.91,67.45
999.58,2906.42,90.5,66.96
-709.34,2908.85,74.63,66.91
-1159.68,-2136.33,91.41,66.66
2985.06,-1135.14,77.24,66.63
-3040.59,1726.93,83.2,66.52
-483.36,-1888.71,71.77,66.49
2894.57,730.36,87.65,66.48
3043.15,3002.56,73.16,66.33
2032.54,1908.12,131.18,66.31
3212.82,1815.27,70.52,66.3
-2577.32,3075.29,74.03,66.06
-3224.84,-1570.15,68.87,65.99
-3618.73,-1703.65,72.53,65.96
-2702.66,-1837.35,92.35,65.8
3327.77,-1281.74,94.17,65.74
2587.65,-544.32,89.07,65.69
1746.46,-1630.51,70.55,65.67
-3330.97,-1639.39,84.87,65.67
2424.52,-452.41,76.56,65.5
-2869.13,-493.61,75.1,65.31
3471.71,1639.25,66.09,65.23
2334.53,1315.75,69.82,65.2
-2977.44,951.77,68.02,65.01
-3101.3,94.18,75.82,64.82
-2965.8,851.67,71.51,64.69
1743.96,2639.68,76.74,64.67
-3155,-596.19,87.6,64.63
3368.94,-540.23,143.74,64.42
-2251.89,3178.27,98.48,64.4
1767.38,-3022.67,134.53,64.39
-704.28,2897.47,93.18,64.35
-2201.63,32.22,94.92,64.16
200.16,2805.35,67.81,64.14
3163.56,-1491.27,84.35,64.1
3663.22,452.3,124.74,64.08
560.66,-2972.43,86.26,63.86
-58.78,3520.52,68.51,63.81
1933.05,-405.9,117.09,63.79
-3267.31,2354.07,142.12,63.77
-448.5,-2043.89,67.98,63.56
1319,3157.52,92.34,63.53
1272.16,3009.12,71,63.4
-2670.55,1152.49,114.78,63.29
2311.29,2188.42,81.85,63.25
-1445.09,-1826.98,77.8,63.24
2403.32,-1385.14,88.99,63.09
3631.44,2057.37,64.34,63.07
2279.82,-2975.84,73.61,62.96
3381.57,-3246.37,86.58,62.96
-412.67,3059.1,67.28,62.67
2015.42,-2443.17,85.47,62.6
823.59,3003.3,73.17,62.6
-3406.72,2807.27,225.96,62.55
1724.3,3075.86,69.62,62.51
1410.36,-2519.99,71.49,62.47
-2114.65,-1834.25,71.66,62.3
2568.95,-2264.58,88.25,62.11
-2745.35,-2412.89,102.72,62.11
-873.12,2615.43,70.48,62.06
-971.13,-3370.55,105.8,61.93
2819.45,1145.34,63.54,61.92
-2475.74,-909.01,70.25,61.9
-2036.38,515.15,64.86,61.88
493.56,-3388.81,79.88,61.65
2196.94,64.18,80.87,61.61
-1586.72,-2863.77,61.74,61.42
1362.38,-3273.19,82.48,61.23
564.72,-3227.71,81.71,61.11
-2155.49,-2561.42,77.16,61.06
-1758.95,-2781.3,152.72,61.04
-3366.43,323.49,65.8,60.95
-3308.77,-2000.11,68.63,60.84
-513.1,-2590.41,61.3,60.82
17.53,-1975.88,84.72,60.79
-6.16,3127.73,81.58,60.59
-2828.12,2145.29,68.28,60.52
2912.91,-3123.16,88.64,60.37
-2631.36,-3278.29,68.13,60.32
-3578.23,3091.46,111.49,60.26
724.2,-3461.14,81.3,60.25
-2256.48,-270.47,133.59,60.12
3124.62,-1399.92,69.28,60.12
1275.04,3175.25,78.62,60.06
-2717.4,1232.43,136.03,60.04
1360.68,-3629.09,70.36,60.01
627.92,-2570.07,77.14,59.93
2169.08,2876.24,64.17,59.91
3172.55,3089.76,75.6,59.9
-2840.04,1069.43,87.4,59.83
1963.39,3257.35,60.29,59.72
-3499.43,-1667.7,70.66,59.7
2670.88,867.08,87.21,59.66
-771.97,2160.24,72.37,59.55
571.43,3454.1,147.98,59.51
-2203.32,2273.52,71.29,59.49
-2139.96,-2388.3,85.44,59.18
2665.52,-1065.97,86.6,59.16
-714.45,-1947.72,63.41,59.15
-1783.17,2008.5,75,59.1
-892.19,1869.39,87.22,59.06
3246.96,3749.2,65.47,58.94
2166.93,1235.4,64.93,58.9
3673.24,-914.15,59.76,58.89
-3216.61,1884.45,69.64,58.84
565.93,2410.34,63.55,58.75
-3511.54,3228,236.23,58.69
3732.23,2464.9,64.03,58.63
3706.15,-1560.14,71.82,58.5
3261.53,-525.99,61.65,58.35
-1936.94,-2510.83,61.12,58.22
412.7,3345.98,70.75,58.2
3679.21,614.41,75.46,58.08
-3043.41,3754.6,70.25,58.05
-1920.08,1011.58,71.63,57.99
-2756.95,-1552.57,74.89,57.91
-2695.45,-257.09,66.01,57.84
-2303.76,88.05,140.88,57.79
3129.39,-1026.59,85.17,57.73
-251.76,3458.76,80.63,57.58
2851.5,2380.11,73.8,57.55
-2854.56,-467.22,58.04,57.51
2962.1,-26.27,71.79,57.47
3017.95,204.95,103.46,57.46
-205.07,-2265.48,58.27,57.3
371.6,-2134.88,59.33,57.27
2827.44,3248.59,85.93,57.25
-1466.14,-2512.99,75.16,57.19
-219.92,-2091.82,65.81,57.12
2350.51,-419.13,69.42,57.05
2208.62,-236.93,92.6,57.03
2276.04,-774.01,71.83,56.95
617.65,-3258.73,73.31,56.94
3146.42,1017.31,74.05,56.84
-3590.22,-2223.36,86.76,56.76
1858.78,-740.96,86.47,56.63
-663.18,-1850.49,64.13,56.6
2729.41,2182.89,80,56.59
3354.41,2856.96,62.18,56.51
-1258.29,3088.14,273.33,56.48
-716.4,2562.7,153.33,56.3
-2127.71,773.14,61.18,56.3
2958.8,156.63,108.7,56.28
-1423.82,2912.54,62.32,56.24
3135.24,3395.01,136.36,56.2
1339.97,-2760.32,75.88,56.15
948.88,-3531.63,56.92,56.15
-2099.13,1583.72,56.35,55.99
-1253.65,-3568.03,73.57,55.9
-121.76,-2851.85,87.1,55.87
713.76,-3126.78,63.29,55.75
-3353.48,2075.45,90.75,55.73
-756.93,3502.49,67.25,55.52
-3267.1,-246.63,56.18,55.48
-156.35,-2803.13,61.36,55.45
2977.44,-673.1,145.42,55.44
-2042.65,-669.38,56.28,55.4
-2545.33,-716.07,56.2,55.36
-3142.41,-1211.56,65.34,55.33
-3091.68,-21.85,59.51,55.33
-2401.01,-44.38,57.81,55.24
3260.23,1595.99,76.33,55.21
3233.03,3364.02,55.32,55.18
3522.08,-2903.66,57.05,55.17
661.04,2511.91,84.9,55.11
-155.15,-2560.8,155.33,55.02
1417.73,-3642.02,56.11,54.93
-299.77,-3117.63,60.15,54.86
211.03,-1739.44,158.95,54.77
2305.14,-280.35,75.6,54.74
2251.19,-2164.17,55.76,54.6
1857.32,1968.44,114.41,54.58
2167.76,-1363.14,64.93,54.45
3454.53,-3193.65,79.73,54.36
303.98,2195.46,56.53,54.25
-3715.31,-2133.15,68.85,54.08
3138.09,1308.18,83.64,53.98
-930.56,-2931.43,59.37,53.97
-2810.48,-2704.76,75.24,53.96
2403.57,-2914.99,70.03,53.95
-3551.13,-1492.72,80.7,53.92
82.27,-1913.1,88.71,53.86
-2755.66,-2496.11,62.85,53.85
1626.24,-3143.92,58.09,53.83
166.76,-2430.06,71.53,53.65
2429.11,-232.65,77.31,53.65
313.13,-1868.88,62.6,53.6
2372.85,-1214.51,53.82,53.55
2303.78,2995.05,113.47,53.48
-2402.34,2597.8,107.72,53.48
-3266.11,-586.64,80.68,53.47
-571.5,-2992.59,61.27,53.37
-1969.41,-2023.21,65.71,53.35
-346.85,1850.54,65.8,53.34
-2892.78,497.09,68.97,53.32
-3357.15,2229.18,60.95,53.32
3408.9,-2207.12,54.25,53.27
1434.84,-2377.83,76.95,53.26
-2249,1803.56,73.78,53.1
-3663.05,-1499.27,80.83,53.09
2990.11,2403.23,53.45,53.06
-2152.5,3050.25,72.08,53.03
-2279.33,-706.28,60.33,53.03
2734.86,2451.85,54,52.91
3374.86,1902.12,57.06,52.86
1491.96,-2643.57,99.54,52.81
2620.6,-2301.19,72.91,52.8
-3019.18,-563.5,77.02,52.74
2654.55,-1539.9,62.15,52.65
-2995.24,1082.57,62.27,52.56
-67.51,-1894.65,81.4,52.48
-750.46,3268.29,79.89,52.43
-3693.9,-446.05,55.12,52.42
3102.84,-3134.24,75.03,52.33
693.67,3294.35,75.36,52.28
-2497.42,490.67,126.15,52.27
-3580.46,-3602.6,85.07,52.21
3385.27,-149.87,55.11,52.19
-3196.67,-3245.94,63.21,52.08
-3678.65,1294.24,81.71,52.07
-2375.41,336.6,67.97,52.06
-2205.51,-3208.89,52.78,52.06
-1135.85,3702.94,92.76,52.04
-2077.88,521.26,61.66,51.87
1604.79,-3741.53,56.28,51.79
-5.44,2482.12,54.68,51.74
677.4,-2407.83,65.64,51.62
1655.59,-2080.43,73.33,51.6
-934.33,-2506.74,60.89,51.6
2203.52,2138.69,86.29,51.6
-2791.11,1249.57,178.94,51.54
3542.87,1515.06,59.72,51.52
-1691.44,3466.77,116.86,51.48
-1434.58,1899.59,79.48,51.47
-201.09,-2363.65,80.43,51.45
3643.74,360.67,62.68,51.42
2151.64,268.93,59.28,51.39
1857.32,2163.67,112.22,51.38
2390.73,-139.64,54.1,51.36
-2813.95,2838.26,62.33,51.35
2305.31,-1768.91,59,51.17
3327.41,3057.89,55.79,51.15
-770.19,2435.48,62.22,51.11
-3558.06,-1272.82,67.37,51.07
-2289.42,-2221.1,60.36,50.98
-899.44,-2257.01,51.83,50.96
1740.43,-3079.51,88.01,50.91
1726.91,2333.97,54.41,50.9
-3107.61,64.26,60.22,50.88
-3634.92,2387.83,54.25,50.85
1912.12,1341.37,60.35,50.83
3427.1,-2775.42,162.94,50.78
-128.79,-3292.42,56.04,50.73
3413.91,1227.27,64.43,50.7
3430.45,2652.2,52.06,50.63
2808.22,3376.92,58.95,50.54
2109.33,-1677.29,82.36,50.47
3313.02,-390.45,52.4,50.42
-843.78,3365.94,56.62,50.37
1130.91,2907.28,57.76,50.35
1869.06,3197.59,55.22,50.3
-2071.6,2306,59.99,50.28
52.83,2683.15,84.85,50.25
1895.55,770.89,68.47,50.23
1663.77,-3616.98,55.86,50.17
1449.12,1910.22,56.87,50.17
-3431.84,1872.02,71.52,50.14
3116.54,-573.25,74.53,50.09
-3588.48,-111.41,71.03,50.09
3202.31,-1632.23,55.21,50.08
48.56,2323.65,65.06,50.03
1199.73,-1569.16,154.807,89.5802
-1756.07,650.336,128.813,85.5141
-1660.78,-785.382,98.2293,84.8237
1342.88,-248.207,140.462,83.9555
-1467.92,863.903,157.265,83.3289
1049.59,-1232.56,105.08,83.0382
-715.805,1375.84,89.6105,82.076
-645.418,1481.68,133.085,80.8205
1416.52,-1511.46,110.545,80.0504
1531.96,1508.11,80.1888,79.8982
1684.26,-648.024,79.8086,79.1694
-1668.09,-600.514,128.753,78.3807
1506.76,-1195.08,135.281,78.2558
-1639.04,-1070.84,83.1315,77.6996
353.563,1482.84,85.9043,77.1644
-1107.39,-1214.96,84.6091,77.0791
-1605.56,-512.025,80.8376,76.4491
-619.301,-1470.36,83.6418,76.1421
1767.95,-1400.31,102.871,75.8515
-39.6342,1609.71,77.7595,74.3626
-1397.96,-1295.4,86.8574,73.8766
-346.333,-1503.21,113.779,73.3626
-803.616,1140.31,78.6125,72.6754
-1250.9,160.301,86.7486,71.8965
-1280.39,-382.412,76.6804,70.554
344.627,-1170.86,76.9539,70.3928
-1139,1164.88,78.3069,70.388
-674.476,1088.47,84.5134,70.3701
-1596.73,-1182.46,109.901,70.3224
332.278,-1340.67,144.119,70.0978
-249.332,1735.99,81.1281,69.9798
-1392.69,-1737.06,97.3431,69.4496
-1248.26,181.221,84.6915,68.56
-1588.41,-1500.63,72.4361,68.3644
895.324,-480.556,117.245,68.0082
-1272.4,-1009.92,82.225,67.8345
530.306,1690.35,71.7817,67.7659
-29.8133,1545.99,79.2153,65.8069
1613.42,1705.11,101.112,65.2281
873.473,-695.501,73.6498,64.9407
1598.37,1402.59,65.3163,64.9137
-797.751,-1595.53,67.7468,64.8943
-987.493,335.835,133.858,64.53
-1764.93,1086.01,73.1727,64.4705
225.509,1716.14,75.9849,63.6941
1520.33,-513.945,76.6931,63.4799
-1103.1,303.403,69.3415,63.2251
1676.4,745.783,77.3513,62.947
785.076,-1737.45,64.9912,62.9204
36.5472,1107.87,115.317,62.8279
1001.02,-218.427,84.8791,62.0228
-450.809,-964.504,71.6318,61.9639
-1318.86,1216.85,93.3505,61.426
-312.868,962.871,68.1402,61.3857
1374.87,-1323.5,77.8311,60.6325
-1423.8,891.588,119.757,60.1215
1782.1,965.273,62.1827,59.6742
-919.785,-1103.66,69.9144,59.5932
-812.115,1639.01,157.439,59.395
-1296.82,-971.673,73.438,59.2561
-1753.46,-1577.94,66.51,59.1551
1110.15,-1595.22,64.0207,58.9506
1010.85,1584.4,87.8099,58.7401
1243.31,1074.53,64.7533,58.6486
-1285.83,-379.621,104.405,58.345
1258.15,-1517.37,112.775,57.932
-1131.88,-1192.49,59.3731,57.9073
-1091.25,-1130.28,58.7484,57.2981
-1118.26,294.214,92.404,57.0187
1814.38,1676.84,73.0782,56.1846
-778.195,1573.39,82.8055,56.1374
350.659,1247.86,72.1107,55.8428
1590.41,158.784,63.108,55.635
10.4216,-1826.46,61.6953,55.5526
1025.27,47.3944,76.6492,55.3881
-152.13,-1334.15,90.4758,55.3565
1085.07,-610.372,69.9652,55.0812
1604.68,714.959,56.1,55.0178
-1002.7,-301.689,73.4971,54.8212
1029.26,-1473.9,61.1396,54.7722
1407.5,-1162.88,75.2379,54.4683
-1019.02,-1661.35,67.1469,54.4158
1612.45,1546.13,58.1058,54.4119
-909.657,1690.99,61.5346,53.884
-1289.79,441.919,116.235,53.8239
-1563.26,-1388.2,55.2725,53.6502
-515.509,1782.13,56.5833,53.5141
225.69,-1602.18,70.4975,53.2839
-1718.55,1775.99,54.6679,53.234
1360.5,1826.89,69.3707,53.0127
1474.09,346.246,53.6857,52.6246
-1755.59,-1015.43,70.1021,52.4333
-935.375,1645.88,59.5953,52.3516
-1272.8,894.963,52.6021,52.3231
705.513,1034.71,52.3401,52.3052
-1163.91,-479.819,87.7052,52.1052
1326.77,-1037.13,76.181,51.9882
-205.298,-1445.37,87.1006,51.9768
-1401.5,1032.95,55.1507,51.9318
-1556.39,-477.051,68.893,51.8163
1126.34,958.737,60.426,51.7752
1509.61,1245.42,63.952,51.7165
1764.16,119.469,105.667,51.4909
-974.589,-2.61173,55.8523,51.4679
-1730.07,913.446,76.534,51.3761
-1114.38,15.5963,82.6484,51.2578
222.511,-1349.13,63.596,50.841
1223.83,1270.61,60.4336,50.6549
198.947,-1018.54,58.9456,50.4969
553.361,1235.83,74.2225,50.3882
1500.32,525.229,53.4082,50.3775
-1740.21,-875.758,51.3294,50.2391
-903.709,-657.473,58.3187,50.0995
-33.7192,320.69,169.883,78.481
442.427,-174.522,92.194,76.7403
-672.101,673.02,77.583,75.8616
650.624,-376.343,142.193,75.6558
-755.715,498.57,77.7701,73.4687
-412.848,849.359,82.341,71.4248
-419.66,-127.586,161.395,67.3019
225.123,125.083,81.7305,63.634
559.392,-593.322,78.4549,63.6149
592.115,327.06,90.3643,61.8549
-319.247,413.556,67.8405,61.3481
842.915,589.047,68.7033,58.4765
-33.1008,331.45,66.1529,57.8145
-594.348,-218.704,174.573,57.7522
-409.223,-313.114,83.6562,57.5518
823.673,-670.727,79.5579,54.5947
-271.434,-815.185,87.811,54.1688
-502.43,256.866,125.006,53.4882
804.46,453.446,63.8697,52.5934
224.953,455.865,52.9675,52.5742
781.08,-553.711,65.4459,52.1591
-521.126,504.373,153.591,51.0099
-244.115,445.728,58.3948,50.9104
86.7229,150.049,123.224,87.8504
333.781,-159.122,78.8379,74.8601
-255.278,143.415,60.1529,55.2022
-366.294,-307.205,61.2137,55.0774
-124.686,270.905,54.729,50.4344
