A_x,A_y,A_diameter,B_x,B_y,B_diameter,C_x,C_y,C_diameter,a,b,c,alpha,beta,gamma
4400.55,4548.88,220.866,4355.57,4476.8,54.552,4600.2,4686.66,83.3664,322.312048332047,242.57669075985,84.963090810069,156.575208565155,17.4094432981597,6.01534813668557
3970.79,3960.75,157.033,3914.62,3838.03,85.4806,3784.56,3907.32,66.1447,147.365897343992,193.743071618058,134.963948149126,49.3976629705077,86.5473342126916,44.0550028168007
5480.74,1714.86,134.436,5553.87,1722.38,61.8953,5245.05,1874.7,101.075,344.341654175036,284.778162259679,73.5156262300745,139.984583153875,32.1251258685273,7.89029097759724
5245.05,1874.7,101.075,5160.79,1979.39,59.7258,5110.46,1907.43,54.9159,87.8142955332445,138.51253011912,134.386545829559,37.5030179472991,73.7985041605347,68.6984778921662
2347.02,4495.42,107.375,2415.5,4385.93,63.9277,2347.6,4350.67,60.7702,76.5093301499891,144.75116199879,129.141668333656,31.7941466128496,85.4188154822353,62.7870379049151
4560.43,1954.42,125.401,4458.11,1965.77,69.1377,4668.76,1923.74,106.682,214.802102876113,112.5906359339,102.947583264495,170.517159201006,4.95403333009254,4.52880746890129
3357.9,4878.58,144.16,3350.41,4880.22,83.9123,3588.87,4946.18,81.652,247.414415909825,240.659304619622,7.66744416347485,151.335876984313,27.8123760935926,0.851746922094517
4381.26,2593.93,105.697,4420.64,2432.59,161.496,4199.64,2647.12,95.8832,308.000196266171,189.248515185721,166.076428188951,120.040027185642,32.1344853636241,27.8254874507341
5533.76,4469.82,144.377,5567.04,4486.33,95.4148,5504.03,4523.74,178.728,73.2787022264997,61.5730403667062,37.150215342579,92.4854072786735,57.0839741207053,30.4306186006212
4894.56,1690.93,297.871,5001.72,1704.54,57.7662,5110.46,1907.43,54.9159,230.192831556502,305.753266540196,108.020820678238,37.8413289493969,125.427500059713,16.7311709908898
4939.53,3259.8,87.4622,5023.56,3072.42,84.5475,4834.59,3598.86,69.8701,559.328825021561,354.928284587182,205.358966933514,173.043733221753,4.40768568664335,2.54858109160355
3791.69,1719.18,102.306,3984.51,1717.17,112.735,3579.76,1801.82,89.72,413.507176479442,227.472403820771,192.830476066415,159.294439373913,11.2154144133125,9.49014621277443
5540.31,3915.38,84.714,5275.36,3898.08,66.1078,5664.19,4196.95,150.436,490.420274662457,307.616513373388,265.514203951503,117.483497386689,33.8114493954264,28.7050532178849
4068.22,2440.49,112.078,4199.64,2647.12,95.8832,3963.37,2122.48,82.2651,575.387384724413,334.849044496173,244.881957889919,165.79071379066,8.21274360020149,5.9965426091385
2895.08,5013.28,129.268,2816.68,5181.71,104.78,3066.55,4925.96,58.0626,357.551505940054,192.423343958055,185.782735742588,141.947991517612,19.3729075753787,18.6791009070092
1930.54,4918.82,163.956,1869.65,5245.58,56.9229,2290.02,4934.03,74.4295,523.234497524771,359.801632153052,332.384851790812,98.1328939099081,42.9009450682627,38.9661610218293
2519.74,5085,128.923,2465.06,5016.57,60.5567,2541.15,4922.92,116.053,120.664868955301,163.48796438882,87.5931920870568,46.1520534713353,102.279252844159,31.5686936845061
3758.39,5159.7,103.873,3762.25,5084.14,87.8203,3799.4,5248.02,75.1464,168.038022185457,97.3768067868326,75.6585302527079,152.168518104034,15.6969542615872,12.1345276343784
3963.37,2122.48,82.2651,3947.52,2126.78,113.802,3848.07,2088.64,70.3808,106.512732102787,120.163370458722,16.4229260486674,31.5353346287809,143.839094216388,4.62557115483168
3350.41,4880.22,83.9123,3357.9,4878.58,144.16,3588.87,4946.18,81.652,240.659304619622,247.414415909825,7.66744416347485,27.8123760935926,151.335876984313,0.851746922094517
1861.55,4357.45,82.0894,1877.79,4167.61,63.2383,2155.63,4166.89,51.6335,277.840932909462,350.422830306474,190.533365057147,52.1677846317083,95.0379818758998,32.794233492392
4248.39,3892.1,87.4629,3970.79,3960.75,157.033,3914.62,3838.03,85.4806,134.963948149126,338.121247188047,285.962554366827,23.0923085637402,100.703518242146,56.2041731941134
4670.31,5408.58,84.1711,4578.23,5393.37,59.3434,4781.56,5361.5,91.0709,205.812501563924,120.801858015512,93.3277584644577,147.682794068643,18.2876396497465,14.0295662816103
4199.64,2647.12,95.8832,4381.26,2593.93,105.697,4068.22,2440.49,112.078,348.622826561888,244.881957889919,189.248515185721,106.133596014143,42.4357120231626,31.4306919626948
3530.32,3775.65,126.658,3246.96,3749.2,65.47,3784.56,3907.32,66.1447,560.371032798806,286.312707541946,284.591799073691,157.953293819241,11.0569975271291,10.9897086536297
5504.03,4523.74,178.728,5533.76,4469.82,144.377,5567.04,4486.33,95.4148,37.150215342579,73.2787022264997,61.5730403667062,30.4306186006212,92.4854072786735,57.0839741207053
3864.39,4625.43,155.439,3864.85,4760,89.5654,3588.87,4946.18,81.652,332.908324918438,422.837832862671,134.570786205625,40.8579948583566,123.808304582377,15.3337005592663
5023.56,3072.42,84.5475,5093.89,2900.38,77.1818,4939.53,3259.8,87.4622,391.164602181742,205.358966933514,185.860352146443,178.081051096393,1.00729971620475,0.911649187402391
5577.61,4741.28,112.704,5504.03,4523.74,178.728,5567.04,4486.33,95.4148,73.2787022264997,255.169017319893,229.646833202637,16.3133486214616,102.010830853809,61.6758205247298
2904.88,5431.36,87.0367,2816.68,5181.71,104.78,2895.08,5013.28,129.268,185.782735742588,418.194842627214,264.772284236851,18.1152448618235,135.581146493282,26.3036086448948
2704.03,4924.72,106.844,2541.15,4922.92,116.053,2895.08,5013.28,129.268,365.282595397043,210.577719856588,162.889945668847,155.763376526618,13.6887894201862,10.5478340531961
3864.85,4760,89.5654,3864.39,4625.43,155.439,3588.87,4946.18,81.652,422.837832862671,332.908324918438,134.570786205625,123.808304582377,40.8579948583566,15.3337005592663
3914.62,3838.03,85.4806,3970.79,3960.75,157.033,3784.56,3907.32,66.1447,193.743071618058,147.365897343992,134.963948149126,86.5473342126916,49.3976629705077,44.0550028168007
2097.59,3692.66,283.547,1997.85,3842.83,66.9208,1931.17,3538.79,90.65,311.266034125151,226.653024025712,180.275057897647,99.1647725363508,45.9612227385867,34.8740047250625
5740.1,4487.01,72.6256,5567.04,4486.33,95.4148,5533.76,4469.82,144.377,37.150215342579,207.054803614889,173.061335947693,4.53713327456661,153.839407356378,21.623459369055
4834.59,3598.86,69.8701,4695.48,3533.82,115.662,4947.15,3779.73,74.1713,351.865765598189,213.034528891445,153.563647065313,146.953196574848,19.2786299189955,13.7681735061565
2816.68,5181.71,104.78,2895.08,5013.28,129.268,2904.88,5431.36,87.0367,418.194842627214,264.772284236851,185.782735742588,135.581146493282,26.3036086448948,18.1152448618235
5198.17,5182.18,69.5094,5449.28,5371.44,84.3149,4874.25,5231.63,73.4693,591.782339209273,327.672807690843,314.444875455142,134.315075918527,23.3396402577666,22.3452838237061
4242.1,5477.87,66.046,4231.9,5326.13,56.6281,4578.23,5393.37,59.3434,352.796947974327,346.588555639103,152.082436855805,79.7344309802977,75.1670599576947,25.0985090620077
4947.15,3779.73,74.1713,4955.79,3778.45,74.7299,5043.05,3863.4,76.3771,121.781813502674,127.269316412088,8.73430020093231,49.5307339701237,127.341542176234,3.12772385364211
4874.25,5231.63,73.4693,4781.56,5361.5,91.0709,4907.42,5394.22,55.6597,130.043600380795,165.939015906447,159.554545532241,47.0466559592271,69.0567103799837,63.8966336607892
4695.48,3533.82,115.662,4834.59,3598.86,69.8701,4947.15,3779.73,74.1713,213.034528891445,351.865765598189,153.563647065313,19.2786299189955,146.953196574848,13.7681735061565
2284.77,3837.76,88.5725,2472.45,3800.77,75.7173,2097.59,3692.66,283.547,390.1381700116,236.834039783136,191.290466307132,131.067958522068,27.2371831663772,21.6948583115551
3984.51,1717.17,112.735,4092.55,1814.46,115.884,4133.9,1838.13,69.437,47.6454761756031,192.220429975588,145.389083840569,3.00618916557832,167.785106627266,9.20870420715556
5070.21,4824.48,68.1702,5361.55,4890.94,178.894,5198.17,5182.18,69.5094,333.936763474764,379.898738613332,298.824241319208,57.4660206497156,73.5587473825611,48.9752319677233
4955.79,3778.45,74.7299,4947.15,3779.73,74.1713,5043.05,3863.4,76.3771,127.269316412088,121.781813502674,8.73430020093231,127.341542176234,49.5307339701237,3.12772385364211
2543.53,4539.47,81.5981,2415.5,4385.93,63.9277,2347.02,4495.42,107.375,129.141668333656,201.386649507856,199.915513405038,37.54216083555,71.8469091960283,70.6109299684217
4092.55,1814.46,115.884,4133.9,1838.13,69.437,3984.51,1717.17,112.735,192.220429975588,145.389083840569,47.6454761756031,167.785106627266,9.20870420715556,3.00618916557832
5449.28,5371.44,84.3149,5198.17,5182.18,69.5094,5546.38,5024.83,78.4467,382.111536858023,359.954027759101,314.444875455142,68.6446884071111,61.322476690289,50.0328349026
5054,4112.34,74.3757,5043.05,3863.4,76.3771,5275.36,3898.08,66.1078,234.884308756459,308.07076654561,249.180709726897,48.4523762747126,78.9907822602553,52.5568414650321
4600.2,4686.66,83.3664,4492.84,4852.24,76.673,4400.55,4548.88,220.866,317.087895858545,242.57669075985,197.33957028432,91.6509848364816,49.8799950797393,38.4690200837791
4932.92,2042.98,73.9144,4899.11,2125.58,102.772,4994.74,2203.38,119.705,123.279912800099,171.900763232744,89.2517568454538,43.3376016796737,106.86978840046,29.7926099198659
5515.52,3515.51,75.4329,5419.81,3607.43,85.931,5651.01,3335.97,146.362,356.572533434643,224.926991932938,132.701509034374,170.882879006829,5.73644601167205,3.3806749814991
4776.67,2560.44,162.287,4816.94,2707.48,59.8336,5063.79,2604.83,60.3634,267.34237411978,290.531179910177,152.454696549499,65.8953078201784,82.7366233366584,31.3680688431632
3848.07,2088.64,70.3808,3947.52,2126.78,113.802,3740.37,2132.72,89.5512,207.235146874269,116.371544631839,106.512732102787,136.759164771026,22.6247825379008,20.6160526910732
3762.25,5084.14,87.8203,3758.39,5159.7,103.873,3799.4,5248.02,75.1464,97.3768067868326,168.038022185457,75.6585302527079,15.6969542615872,152.168518104034,12.1345276343784
3097.07,4040.2,82.9009,3211.8,4289.09,211.26,3062.97,4341.5,60.7668,157.788393109253,303.223514919276,274.060586367322,31.2051727834088,84.6514214061154,64.1434058104758
2541.15,4922.92,116.053,2465.06,5016.57,60.5567,2704.03,4924.72,106.844,256.013834391816,162.889945668847,120.664868955301,128.460474057456,29.8817147134743,21.6578112290697
1997.85,3842.83,66.9208,1883.91,3793.3,57.5458,2097.59,3692.66,283.547,236.193886457715,180.275057897647,124.239866790012,100.096636889739,48.7144199542171,31.1889431560436
5635.06,3304.18,90.5603,5651.01,3335.97,146.362,5705.94,3314.91,108.99,58.828806719157,71.6875672623914,35.5669312704933,54.7474767297163,95.6676220325015,29.5849012377822
4816.94,2707.48,59.8336,4776.67,2560.44,162.287,4716.24,2876.55,53.5534,321.834300533675,196.787080114524,152.454696549499,133.905396829152,26.138620577378,19.9559825934701
3473.61,4380.72,61.9202,3355.76,4606.4,51.3974,3211.8,4289.09,211.26,348.43954669354,277.381565717695,254.597888640106,81.715819460341,51.9768089538544,46.3073715858047
2290.02,4934.03,74.4295,2465.06,5016.57,60.5567,2541.15,4922.92,116.053,120.664868955301,251.375633266234,193.524812879382,27.779306840254,103.847437284388,48.3732558753581
4481.7,2113.98,67.757,4401.85,2225.97,52.6427,4458.11,1965.77,69.1377,266.212748755577,150.075621604576,137.541930333989,135.467065806419,23.2886701221714,21.2442640714098
4594.08,4330.93,114.201,4722.28,4198.38,51.4702,4355.57,4476.8,54.552,460.427975366398,279.580179912668,184.40374860615,165.493724504574,8.74862384733814,5.75765164808817
1877.79,4167.61,63.2383,1861.55,4357.45,82.0894,2155.63,4166.89,51.6335,350.422830306474,277.840932909462,190.533365057147,95.0379818758998,52.1677846317083,32.794233492392
3672.53,5236.55,142.522,3758.39,5159.7,103.873,3799.4,5248.02,75.1464,97.3768067868326,127.387431876147,115.229606004707,46.9964308385633,73.0765495152279,59.9270196462088
5480.08,2427.5,60.4869,5399.97,2365.65,55.8068,5467.97,2539.55,78.2014,186.722280405955,112.702504852377,101.207878151851,121.502017788529,30.9726271064143,27.5253551050571
5664.19,4196.95,150.436,5740.1,4487.01,72.6256,5533.76,4469.82,144.377,207.054803614889,302.440112749615,299.828503815098,40.2131353289975,70.5720834774451,69.2147811935574
5329.38,2770.83,68.1641,5093.89,2900.38,77.1818,5467.97,2539.55,78.2014,519.744297996621,269.624973806211,268.772659695885,149.747812366019,15.1506115440298,15.1015760899509
5093.89,2900.38,77.1818,5023.56,3072.42,84.5475,5329.38,2770.83,68.1641,429.514144703059,268.772659695885,185.860352146443,141.0512483606,23.1642434653611,15.7845081740392
5043.05,3863.4,76.3771,4955.79,3778.45,74.7299,4947.15,3779.73,74.1713,8.73430020093231,127.269316412088,121.781813502674,3.12772385364211,127.341542176234,49.5307339701237
3078.78,4912.88,62.7135,3066.55,4925.96,58.0626,2895.08,5013.28,129.268,192.423343958055,209.346244293993,17.9069623331261,18.2649597943525,160.063704560421,1.67133564522611
4899.11,2125.58,102.772,4932.92,2042.98,73.9144,4994.74,2203.38,119.705,171.900763232744,123.279912800099,89.2517568454538,106.86978840046,43.3376016796737,29.7926099198659
5628.58,2183.74,149.988,5613.71,2378.88,57.4978,5480.08,2427.5,60.4869,142.200145217929,285.431581294012,195.705739568363,26.9923999154104,114.351048192353,38.6565518922366
4414.07,1960.1,130.781,4458.11,1965.77,69.1377,4560.43,1954.42,125.401,102.947583264495,146.470174438348,44.4034964839482,9.55872272437627,166.333977148273,4.1073001273509
5805.17,1756.68,60.5772,5553.87,1722.38,61.8953,5480.74,1714.86,134.436,73.5156262300745,327.114257255779,253.630006111265,0.427193396983568,178.098834095727,1.47397250728859
4325.19,3509.64,81.7019,3981.17,3470.67,65.6885,4695.48,3533.82,115.662,717.096017699164,371.078639239717,346.220191929933,177.273301000736,1.41060615236159,1.3160928469026
3417.96,5462.28,95.3675,3535.48,5491.38,73.6158,3672.53,5236.55,142.522,289.345868123255,340.235091958487,121.069238041709,55.4714449524203,104.364096631669,20.1644584159109
2472.45,3800.77,75.7173,2284.77,3837.76,88.5725,2440.8,4182.86,51.7773,378.733905136574,383.398605370442,191.290466307132,74.1152094227103,76.8204245850086,29.0643659922811
3832.51,3394,59.6332,3981.17,3470.67,65.6885,3603.93,3132.56,113.12,506.585027117857,347.2746607514,167.266507406593,158.44557156483,14.587016571009,6.96741186416103
3981.17,3470.67,65.6885,3832.51,3394,59.6332,4325.19,3509.64,81.7019,506.069354930724,346.220191929933,167.266507406593,159.18082260652,14.0728529987495,6.74632439473009
5467.97,2539.55,78.2014,5480.08,2427.5,60.4869,5399.97,2365.65,55.8068,101.207878151851,186.722280405955,112.702504852377,27.5253551050571,121.502017788529,30.9726271064143
2380.64,5516.23,72.8479,2519.74,5085,128.923,2465.06,5016.57,60.5567,87.5931920870568,506.741405452525,453.109393965739,8.28808339406641,123.494961217577,48.216955388357
4458.11,1965.77,69.1377,4414.07,1960.1,130.781,4560.43,1954.42,125.401,146.470174438348,102.947583264495,44.4034964839482,166.333977148273,9.55872272437627,4.1073001273509
5553.87,1722.38,61.8953,5480.74,1714.86,134.436,5805.17,1756.68,60.5772,327.114257255779,253.630006111265,73.5156262300745,178.098834095727,1.47397250728859,0.427193396983568
4994.74,2203.38,119.705,4899.11,2125.58,102.772,5100.09,2093.87,65.9351,203.4661753216,151.957436803863,123.279912800099,94.7606543849304,48.096193925675,37.1431516893947
5100.09,2093.87,65.9351,5160.79,1979.39,59.7258,4994.74,2203.38,119.705,278.826330535694,151.957436803863,129.576851327696,164.042781980433,8.61697438649739,7.34024363307001
5275.36,3898.08,66.1078,5043.05,3863.4,76.3771,5540.31,3915.38,84.714,499.969427065296,265.514203951503,234.884308756459,175.245243831906,2.52298304047264,2.23177312762148
5613.71,2378.88,57.4978,5480.08,2427.5,60.4869,5628.58,2183.74,149.988,285.431581294012,195.705739568363,142.200145217929,114.351048192353,38.6565518922366,26.9923999154104
3652.75,4095.62,76.2523,3784.49,4162.51,67.9614,3784.56,3907.32,66.1447,255.19000960069,229.849442244265,147.748772245322,81.9268218937934,63.0968744500882,34.9763036561184
3784.81,2625.71,67.652,3732.23,2464.9,64.03,4068.22,2440.49,112.078,336.875538144282,338.567093055424,169.187802456324,74.9399228830055,76.0491163598095,29.010960757185
4492.84,4852.24,76.673,4600.2,4686.66,83.3664,4400.55,4548.88,220.866,242.57669075985,317.087895858545,197.33957028432,49.8799950797393,91.6509848364816,38.4690200837791
3066.55,4925.96,58.0626,3078.78,4912.88,62.7135,2895.08,5013.28,129.268,209.346244293993,192.423343958055,17.9069623331261,160.063704560421,18.2649597943525,1.67133564522611
2415.5,4385.93,63.9277,2347.6,4350.67,60.7702,2347.02,4495.42,107.375,144.75116199879,129.141668333656,76.5093301499891,85.4188154822353,62.7870379049151,31.7941466128496
3535.48,5491.38,73.6158,3417.96,5462.28,95.3675,3672.53,5236.55,142.522,340.235091958487,289.345868123255,121.069238041709,104.364096631669,55.4714449524203,20.1644584159109
3588.87,4946.18,81.652,3762.25,5084.14,87.8203,3357.9,4878.58,144.16,453.600965717667,240.659304619622,221.570724600521,157.804053015356,11.5620921442432,10.6338548404009
4133.9,1838.13,69.437,4092.55,1814.46,115.884,3984.51,1717.17,112.735,145.389083840569,192.220429975588,47.6454761756031,9.20870420715556,167.785106627266,3.00618916557832
4668.76,1923.74,106.682,4560.43,1954.42,125.401,4458.11,1965.77,69.1377,102.947583264495,214.802102876113,112.5906359339,4.52880746890129,170.517159201006,4.95403333009254
5063.79,2604.83,60.3634,5214.6,2458.12,62.128,4816.94,2707.48,59.8336,469.376059466182,267.34237411978,210.398384499502,158.368994051609,12.1199575159227,9.51104843246841
3947.52,2126.78,113.802,3963.37,2122.48,82.2651,3848.07,2088.64,70.3808,120.163370458722,106.512732102787,16.4229260486674,143.839094216388,31.5353346287809,4.62557115483168
3784.49,4162.51,67.9614,3652.75,4095.62,76.2523,3784.56,3907.32,66.1447,229.849442244265,255.19000960069,147.748772245322,63.0968744500882,81.9268218937934,34.9763036561184
1883.91,3793.3,57.5458,1997.85,3842.83,66.9208,2097.59,3692.66,283.547,180.275057897647,236.193886457715,124.239866790012,48.7144199542171,100.096636889739,31.1889431560436
3211.8,4289.09,211.26,3062.97,4341.5,60.7668,3097.07,4040.2,82.9009,303.223514919276,274.060586367322,157.788393109253,84.6514214061154,64.1434058104758,31.2051727834088
4907.42,5394.22,55.6597,4781.56,5361.5,91.0709,4852.52,5526.95,89.6405,180.025065199266,143.635869127457,130.043600380795,82.1016352418503,52.2132659540882,45.6850988040615
5419.81,3607.43,85.931,5515.52,3515.51,75.4329,5275.36,3898.08,66.1078,451.704140450362,324.566210502573,132.701509034374,160.269715302774,14.0384509460889,5.69183375113666
5651.01,3335.97,146.362,5635.06,3304.18,90.5603,5705.94,3314.91,108.99,71.6875672623914,58.828806719157,35.5669312704933,95.6676220325015,54.7474767297163,29.5849012377822
5705.94,3314.91,108.99,5651.01,3335.97,146.362,5635.06,3304.18,90.5603,35.5669312704933,71.6875672623914,58.828806719157,29.5849012377822,95.6676220325015,54.7474767297163
3740.37,2132.72,89.5512,3848.07,2088.64,70.3808,3631.44,2057.37,64.34,218.875237978169,132.451377493781,116.371544631839,123.06872881303,30.4723202931189,26.4589508938507
5546.38,5024.83,78.4467,5361.55,4890.94,178.894,5577.61,4741.28,112.704,262.830818588688,285.264640991484,228.229404328189,60.3657856875404,70.6288910901192,49.0053232223404
2347.6,4350.67,60.7702,2415.5,4385.93,63.9277,2347.02,4495.42,107.375,129.141668333656,144.75116199879,76.5093301499891,62.7870379049151,85.4188154822353,31.7941466128496
5160.79,1979.39,59.7258,5110.46,1907.43,54.9159,5100.09,2093.87,65.9351,186.728172753872,129.576851327696,87.8142955332445,117.096838157104,38.1531449610473,24.7500168818486
4852.52,5526.95,89.6405,4907.42,5394.22,55.6597,4781.56,5361.5,91.0709,130.043600380795,180.025065199266,143.635869127457,45.6850988040615,82.1016352418503,52.2132659540882
5214.6,2458.12,62.128,5399.97,2365.65,55.8068,5063.79,2604.83,60.3634,412.582191569147,210.398384499502,207.153898828866,162.301382705457,8.91862198253272,8.77999531201044
2465.06,5016.57,60.5567,2519.74,5085,128.923,2541.15,4922.92,116.053,163.48796438882,120.664868955301,87.5931920870568,102.279252844159,46.1520534713353,31.5686936845061
4355.57,4476.8,54.552,4400.55,4548.88,220.866,4594.08,4330.93,114.201,291.472234355178,279.580179912668,84.963090810069,89.4841278378406,73.5690186200622,16.9468535420972
5361.55,4890.94,178.894,5546.38,5024.83,78.4467,5577.61,4741.28,112.704,285.264640991484,262.830818588688,228.229404328189,70.6288910901192,60.3657856875404,49.0053232223404
5001.72,1704.54,57.7662,4894.56,1690.93,297.871,5110.46,1907.43,54.9159,305.753266540196,230.192831556502,108.020820678238,125.427500059713,37.8413289493969,16.7311709908898
4578.23,5393.37,59.3434,4670.31,5408.58,84.1711,4781.56,5361.5,91.0709,120.801858015512,205.812501563924,93.3277584644577,18.2876396497465,147.682794068643,14.0295662816103
4401.85,2225.97,52.6427,4481.7,2113.98,67.757,4420.64,2432.59,161.496,324.408162196946,207.47262108529,137.541930333989,139.314568363278,24.6403476881151,16.0450839486067
4138.73,1544.34,70.6766,3984.51,1717.17,112.735,4092.55,1814.46,115.884,145.389083840569,274.039060719453,231.633368278406,32.0416778658139,90.2597979016759,57.6985242325103
3799.4,5248.02,75.1464,3758.39,5159.7,103.873,3672.53,5236.55,142.522,115.229606004707,127.387431876147,97.3768067868326,59.9270196462088,73.0765495152279,46.9964308385633
5567.04,4486.33,95.4148,5533.76,4469.82,144.377,5504.03,4523.74,178.728,61.5730403667062,73.2787022264997,37.150215342579,57.0839741207053,92.4854072786735,30.4306186006212
4781.56,5361.5,91.0709,4670.31,5408.58,84.1711,4907.42,5394.22,55.6597,237.544441526212,130.043600380795,120.801858015512,142.489674312367,19.4718958557545,18.0384298318786
4716.24,2876.55,53.5534,4816.94,2707.48,59.8336,4776.67,2560.44,162.287,152.454696549499,321.834300533675,196.787080114524,19.9559825934701,133.905396829152,26.138620577378
2440.8,4182.86,51.7773,2347.6,4350.67,60.7702,2415.5,4385.93,63.9277,76.5093301499891,204.639964083266,191.954255227646,21.9456073858545,88.3951836073934,69.6592090067521
3784.56,3907.32,66.1447,3914.62,3838.03,85.4806,3970.79,3960.75,157.033,134.963948149126,193.743071618058,147.365897343992,44.0550028168007,86.5473342126916,49.3976629705077
1869.65,5245.58,56.9229,1824.9,5393.58,83.7703,1930.54,4918.82,163.956,486.371120853202,332.384851790812,154.617471522464,173.732225033465,4.2788203592888,1.98895460724584
3355.76,4606.4,51.3974,3473.61,4380.72,61.9202,3357.9,4878.58,144.16,511.129517539341,272.188412685037,254.597888640106,151.975980037283,14.4894464682661,13.5345734944509
5110.46,1907.43,54.9159,5160.79,1979.39,59.7258,5245.05,1874.7,101.075,134.386545829559,138.51253011912,87.8142955332445,68.6984778921662,73.7985041605347,37.5030179472991
4420.64,2432.59,161.496,4381.26,2593.93,105.697,4401.85,2225.97,52.6427,368.535628806768,207.47262108529,166.076428188951,161.087213532171,10.5138378150497,8.39894865277919
5399.97,2365.65,55.8068,5480.08,2427.5,60.4869,5467.97,2539.55,78.2014,112.702504852377,186.722280405955,101.207878151851,30.9726271064143,121.502017788529,27.5253551050571
4722.28,4198.38,51.4702,4594.08,4330.93,114.201,5054,4112.34,74.3757,509.222932024865,342.696717229681,184.40374860615,148.584932368912,20.5350293930683,10.8800382380192
4231.9,5326.13,56.6281,4242.1,5477.87,66.046,4578.23,5393.37,59.3434,346.588555639103,352.796947974327,152.082436855805,75.1670599576947,79.7344309802977,25.0985090620077
3062.97,4341.5,60.7668,3211.8,4289.09,211.26,3097.07,4040.2,82.9009,274.060586367322,303.223514919276,157.788393109253,64.1434058104758,84.6514214061154,31.2051727834088
2758.96,4428.66,59.6405,2543.53,4539.47,81.5981,3062.97,4341.5,60.7668,555.88671013076,316.257720380072,242.258005027698,168.777877932812,6.35683394185888,4.86528812532892
1824.9,5393.58,83.7703,1869.65,5245.58,56.9229,1930.54,4918.82,163.956,332.384851790812,486.371120853202,154.617471522464,4.2788203592888,173.732225033465,1.98895460724584
2155.63,4166.89,51.6335,2347.6,4350.67,60.7702,1877.79,4167.61,63.2383,504.214636538846,277.840932909462,265.758479262657,136.100167359401,22.4631353493758,21.4366972912237
2536.73,3091.01,138.32,2426.34,2994.39,73.38,2374.42,3014.3,107.42,55.6066048235281,179.524260756033,146.701658136505,15.8982955222531,117.825075554457,46.27662892329
2030.17,2631.29,189.51,2036.96,2559.51,77.91,2169.08,2876.24,64.17,343.181566084194,281.596325615232,72.1004334244945,145.03883912409,28.0466446884758,6.91451618743412
3579.76,1801.82,89.72,3548.73,1728.83,89.04,3471.71,1639.25,66.09,118.138295230632,195.201965666332,79.3120482650651,10.5778317130554,162.343023861991,7.07914442495412
3033.42,3432.02,101.74,3135.24,3395.01,136.36,3233.03,3364.02,55.32,102.582962523024,210.874730823776,108.337678118003,1.1632816069196,177.608169089512,1.22854930356813
2795.7,1567.02,111.24,3057.32,1580.1,68.54,2750.8,1945.24,80,476.740736669314,380.875804429738,261.946770928752,93.9079378667869,52.8501114672091,33.241950666004
3548.73,1728.83,89.04,3579.76,1801.82,89.72,3471.71,1639.25,66.09,195.201965666332,118.138295230632,79.3120482650651,162.343023861991,10.5778317130554,7.07914442495412
2036.96,2559.51,77.91,2030.17,2631.29,189.51,2169.08,2876.24,64.17,281.596325615232,343.181566084194,72.1004334244945,28.0466446884758,145.03883912409,6.91451618743412
2998.2,2076.48,79.62,2750.8,1945.24,80,2729.41,2182.89,80,238.610675787987,289.086755490458,280.05481177798,49.5428031037721,67.1982029309813,63.2589939652465
3603.93,3132.56,113.12,3327.41,3057.89,55.79,3832.51,3394,59.6332,606.709108304796,347.2746607514,286.424369249546,146.275004507133,18.5296591802839,15.1953363125831
1931.17,3538.79,90.65,2097.59,3692.66,283.547,1883.91,3793.3,57.5458,236.193886457715,258.860672370293,226.653024025712,57.7633339160822,67.9758293803072,54.2608367036106
3523.37,2401.13,73.69,3732.23,2464.9,64.03,3430.45,2652.2,52.06,355.179473506001,267.713039092234,218.378370036961,93.3306154538524,48.8045352926188,37.8648492535288
2426.34,2994.39,73.38,2374.42,3014.3,107.42,2303.78,2995.05,113.47,73.2159279118962,122.561777075889,55.6066048235281,20.6720073780257,143.776000340145,15.5519922818292
3163.86,2487.02,71.05,2990.11,2403.23,53.45,3430.45,2652.2,52.06,505.851140653058,313.615465977046,192.898487811595,173.962953280855,3.73855350098881,2.29849321815588
3246.16,3266.34,131.02,3233.03,3364.02,55.32,3135.24,3395.01,136.36,102.582962523024,169.880002648929,98.5585069895032,33.1072639618773,115.239318991943,31.65341704618
2374.42,3014.3,107.42,2426.34,2994.39,73.38,2303.78,2995.05,113.47,122.561777075889,73.2159279118962,55.6066048235281,143.776000340145,20.6720073780257,15.5519922818292
2750.8,1945.24,80,2729.41,2182.89,80,2998.2,2076.48,79.62,289.086755490458,280.05481177798,238.610675787987,67.1982029309813,63.2589939652465,49.5428031037721
3057.32,1580.1,68.54,3260.23,1595.99,76.33,2795.7,1567.02,111.24,465.432467496629,261.946770928752,203.531226596805,178.384459353778,0.909148735488747,0.706391910733009
3043.15,3002.56,73.16,3172.55,3089.76,75.6,3327.41,3057.89,55.79,158.105396808584,289.594814352743,156.039097664656,22.960566114342,134.395739274348,22.6436946113103
2032.54,1908.12,131.18,1857.32,1968.44,114.41,2203.52,2138.69,86.29,385.797229772325,287.048228177775,185.312036306334,107.562739246414,45.1826470574294,27.2546136961562
3212.82,1815.27,70.52,3374.86,1902.12,57.06,3260.23,1595.99,76.33,326.887769425532,224.346665899005,183.847447901786,105.990367006385,41.2812859809118,32.7283470127031
3471.71,1639.25,66.09,3548.73,1728.83,89.04,3579.76,1801.82,89.72,79.3120482650651,195.201965666332,118.138295230632,7.07914442495412,162.343023861991,10.5778317130554
2311.29,2188.42,81.85,2203.52,2138.69,86.29,2032.54,1908.12,131.18,287.048228177775,395.309565404127,118.690546380072,20.3880980592788,151.329671699602,8.28223024111902
3631.44,2057.37,64.34,3740.37,2132.72,89.5512,3848.07,2088.64,70.3808,116.371544631839,218.875237978169,132.451377493781,26.4589508938507,123.06872881303,30.4723202931189
2169.08,2876.24,64.17,2303.78,2995.05,113.47,2374.42,3014.3,107.42,73.2159279118962,247.437020673949,179.610428706131,7.49854778834284,153.830056599649,18.6713956120085
3172.55,3089.76,75.6,3043.15,3002.56,73.16,3327.41,3057.89,55.79,289.594814352743,158.105396808584,156.039097664656,134.395739274348,22.960566114342,22.6436946113103
1963.39,3257.35,60.29,1869.06,3197.59,55.22,1931.17,3538.79,90.65,346.806995460011,283.278311912508,111.66649676604,115.824161335534,47.3280827930262,16.8477558714398
3246.96,3749.2,65.47,3530.32,3775.65,126.658,3097.07,4040.2,82.9009,507.633987238837,327.33470958638,284.591799073691,111.919584148691,36.7417399150532,31.3386759362559
3732.23,2464.9,64.03,3784.81,2625.71,67.652,3523.37,2401.13,73.69,344.654972399935,218.378370036961,169.187802456324,125.084872810625,31.2308608847326,23.6842663046421
2851.5,2380.11,73.8,2734.86,2451.85,54,2990.11,2403.23,53.45,259.839309766632,140.524967532464,136.93617929532,138.93650781189,20.8092925330436,20.2541996550664
2827.44,3248.59,85.93,2808.22,3376.92,58.95,3033.42,3432.02,101.74,231.842726864571,275.815745199581,129.761308948392,56.8320735583643,95.2306541668221,27.9372722748136
2729.41,2182.89,80,2851.5,2380.11,73.8,2750.8,1945.24,80,446.376978461031,238.610675787987,231.951927131464,143.09709658231,18.7219659722192,18.1809374454708
3354.41,2856.96,62.18,3327.41,3057.89,55.79,3430.45,2652.2,52.06,418.570923142064,218.423302786127,202.735948711618,167.280221846895,6.59775883160242,6.12201932150247
3135.24,3395.01,136.36,3233.03,3364.02,55.32,3033.42,3432.02,101.74,210.874730823776,108.337678118003,102.582962523024,177.608169089512,1.22854930356813,1.1632816069196
3260.23,1595.99,76.33,3057.32,1580.1,68.54,3471.71,1639.25,66.09,418.590246661338,215.859255071447,203.531226596805,172.916887401571,3.64579340077955,3.43731919764931
3233.03,3364.02,55.32,3246.16,3266.34,131.02,3135.24,3395.01,136.36,169.880002648929,102.582962523024,98.5585069895032,115.239318991943,33.1072639618773,31.65341704618
1857.32,1968.44,114.41,2032.54,1908.12,131.18,1857.32,2163.67,112.22,309.851336772976,195.23,185.312036306334,108.996174899039,36.5670144167731,34.4368106841879
2303.78,2995.05,113.47,2374.42,3014.3,107.42,2426.34,2994.39,73.38,55.6066048235281,122.561777075889,73.2159279118962,15.5519922818292,143.776000340145,20.6720073780257
2990.11,2403.23,53.45,2851.5,2380.11,73.8,3163.86,2487.02,71.05,330.149235498131,192.898487811595,140.524967532464,163.7242572108,9.42460198349529,6.85114080570484
2734.86,2451.85,54,2851.5,2380.11,73.8,2990.11,2403.23,53.45,140.524967532464,259.839309766632,136.93617929532,20.8092925330436,138.93650781189,20.2541996550664
3374.86,1902.12,57.06,3212.82,1815.27,70.52,3579.76,1801.82,89.72,367.186418730323,228.131760173808,183.847447901786,125.727561264928,30.2895714841519,23.9828672509206
2203.52,2138.69,86.29,2311.29,2188.42,81.85,2032.54,1908.12,131.18,395.309565404127,287.048228177775,118.690546380072,151.329671699602,20.3880980592788,8.28223024111902
1857.32,2163.67,112.22,1857.32,1968.44,114.41,2032.54,1908.12,131.18,185.312036306334,309.851336772976,195.23,34.4368106841879,108.996174899039,36.5670144167731
3327.41,3057.89,55.79,3172.55,3089.76,75.6,3354.41,2856.96,62.18,295.413099912648,202.735948711618,158.105396808584,109.282325294174,40.3745195435508,30.3431551622755
3430.45,2652.2,52.06,3354.41,2856.96,62.18,3523.37,2401.13,73.69,486.13626741892,267.713039092234,218.423302786127,179.936248219678,0.0351078114219078,0.0286439688897268
2808.22,3376.92,58.95,2827.44,3248.59,85.93,3033.42,3432.02,101.74,275.815745199581,231.842726864571,129.761308948392,95.2306541668221,56.8320735583643,27.9372722748136
1869.06,3197.59,55.22,1963.39,3257.35,60.29,1931.17,3538.79,90.65,283.278311912508,346.806995460011,111.66649676604,47.3280827930262,115.824161335534,16.8477558714398
1814.38,1676.84,73.0782,1857.32,1968.44,114.41,2032.54,1908.12,131.18,185.312036306334,317.937452968347,294.744641342298,34.950930189355,79.3807980665139,65.668271744131
