PosX,PosY,Radius
3110.3363442699,-1833.5180454697,44.5436565663732
1784.56576798233,-39.5735338457083,41.8776335516798
2279.67760452288,-720.002995435239,40.0977924247913
1433.5050800994,-2221.96569701911,39.3150066420604
2777.44776229199,-948.229791272936,39.0579768964398
2488.66357632257,729.656177194126,39.136171493942
2279.91052778486,246.357892308112,39.0512547531506
2935.16316677851,65.6888394989425,37.9435884940915
2176.45131675272,-574.892807296215,37.6134325814216
2120.61301632857,-1921.24657035741,37.4761362116088
2469.83643026171,-22.6720188027343,37.2263511833684
2643.39074235678,394.374883511273,37.1954875164502
1750.87641811395,-1588.89831382433,37.055887246467
81.7749241186653,-2074.05581807867,36.4642435177413
2156.88024871397,645.05888990597,36.3520216879945
1908.03491484747,992.769309641663,36.1065368824633
1952.13714469623,-1384.20574492529,35.7334817350714
216.308039196778,-1863.22321478436,35.4724165794177
3013.79701531964,295.551552091818,34.6220885918865
2816.79145118622,339.183938877921,34.4664097375223
2058.35035901854,-521.528917332273,34.1982234675851
2268.26877457644,232.537237413772,34.0919690791364
1394.91406722897,-2299.84401060999,34.1173751044441
2385.17219329768,-2143.33243780655,33.947869758161
2909.85117456821,321.625579979711,33.6239914380217
2979.7207803352,-1133.43110948288,33.1984566207499
2891.33655304981,727.258922874114,33.1651416395552
2581.13330288589,-544.91066446916,32.6553911659889
1745.03396070717,-1625.63266224338,32.6722274369207
2421.0994597269,-453.097943425413,32.6340014789362
1931.26752453088,-406.804806901942,31.7751234945265
2399.57884724247,-1382.21488031266,31.4200539809585
2562.28938731722,-2254.87281142797,30.8686789094915
2195.21561197518,62.5194515619038,30.7330361451994
26.4437257068631,-1967.65909600099,30.2070174092264
3120.19294297422,-1397.91809553447,29.9801132656359
2663.73968182277,858.162782472113,29.6542733325981
2659.70987966354,-1063.9510067095,29.4375787095787
3123.80015165769,-1025.31867183947,28.7684170742873
2955.61223510697,-28.9473013197919,28.6109893029565
3010.0148524314,200.615937840074,28.5837818495083
374.312569657547,-2131.1668104402,28.5635551843449
2347.49110159468,-419.900227076969,28.4284287208785
2204.34685587754,-239.264865316015,28.3524971834741
2271.35447329391,-773.279735125486,28.3117437643721
1856.40380130715,-740.399659026497,28.1467886069568
2952.78009405362,153.406279754424,28.027066955158
2971.10021304871,-672.989530362453,27.6042791624899
218.574573466421,-1732.83240392198,27.2194173981804
2300.04426163743,-282.555373454095,27.2052086591035
2246.30980025226,-2154.82383039063,27.1318648898886
2165.09169050831,-1360.44332402182,27.1225341421479
89.5104046281814,-1906.43851586392,26.788350466016
2425.85953725099,-234.036819668539,26.7351388240172
316.79856311971,-1864.96622668689,26.7141830215525
2369.60690122083,-1212.49517049322,26.6800013942915
2616.85415737697,-2295.85546380284,26.3148822486016
2651.73914159361,-1537.80021122088,26.2631178960112
-61.3505682918699,-1889.61362367267,26.1341079882876
1654.78161671955,-2074.54035622373,25.6940203338364
2147.87924970698,263.960315245803,25.5555280379163
2386.05773385084,-142.181838817631,25.5512530693103
2301.49902577349,-1763.85758019816,25.4698174542297
2107.70976825886,-1674.72304389961,25.1721493669024
1893.55513294219,764.415481249268,25.0002879440441
3107.65961255715,-573.643132089768,24.910836254231
1200.60142482206,-1566.05688199672,44.6394380675543
1343.46331212066,-250.212003211954,41.7665075304119
1051.55820706964,-1229.74181206503,41.3194000342977
1416.71977183054,-1507.37323759645,39.836058811303
1683.34224717782,-648.018357830846,39.4235710479258
1506.62300399388,-1193.51356448464,39.0161446664314
1767.16872694772,-1398.40537820481,37.829906983498
351.193942881997,-1167.77021705035,34.9889512234919
337.578577082155,-1337.40438451595,34.8839851094716
898.739648899899,-481.562755614881,33.7979738533918
874.74809908691,-695.394553742189,32.3996147008745
1520.17412047415,-514.281134543842,31.6595470925832
1675.32104858253,738.878962112115,31.317445004009
788.142266069015,-1732.48543594144,31.3170166093341
1003.60642717661,-220.846391026066,30.8361856241292
1375.38348575743,-1319.35868514214,30.1307629810667
1781.01943559711,959.885602670851,29.7373771712043
1111.52019190979,-1591.49202382088,29.3594605653041
1258.99649615115,-1513.69648663141,28.843795952986
1589.80741660068,155.096478440257,27.6901411171973
18.3759082667457,-1819.98054514466,27.6237555792535
1026.43723193387,45.5257718893411,27.6194859172449
-145.970481823542,-1331.52123460959,27.5724196824999
1086.82560496363,-610.542362154447,27.4112256242085
1603.90288518017,707.705918940641,27.3623630302617
1031.01288667127,-1470.5240297385,27.2743401882839
1407.72823193673,-1160.58302413949,27.1129739410758
232.370224992328,-1597.00344380868,26.4976198357052
1474.00476501626,340.712990321294,26.1656703555458
1327.27396131975,-1035.63942466915,25.8948760654963
-196.106049911544,-1440.95804309498,25.8448478646972
1128.06776209337,950.393893527909,25.7530625747189
1763.21323584442,117.093737337549,25.6656279719553
226.452614200316,-1346.89026112832,25.339452425793
