ACT_Quaternion_1,ACT_Quaternion_2,ACT_Quaternion_3,ACT_Quaternion_4,EST_Quaternion_1,EST_Quaternion_2,EST_Quaternion_3,EST_Quaternion_4,ACT_PosX,ACT_PosY,ACT_PosZ,Translation_1,Translation_2,Distance_err,Direction_err,Time,Precision
0.00471167544356459,-0.00646929434691033,0.385521842846998,0.922664000074254,0.00310210163339154,-0.00646358784582199,0.389765552699051,0.920886210629098,-4.45687483011125,1876.40291265247,4082.25548580897,-54.3444456098897,1940.79376740921,1.93588782687898,0.339820559710994,16.9917684583333,
-0.000152077547390332,0.00282522637249243,-0.541680610147249,0.840579628327304,0.00208523771709484,0.00307153454753686,-0.539653737755042,0.841878887243408,-1127.40015714393,-1641.97426692953,4068.15930462594,-1112.84180993793,-1554.45792451456,7.68409318665754,0.302970961858378,17.4302482916667,
-0.0102418152300035,-0.00206162055625894,0.995037619471956,-0.0989494354559919,-0.0115448648096335,0.000179594826738408,0.995101021724074,-0.0981867628854764,-613.82458753214,1809.69187566095,4103.26386300784,-465.517786944519,1781.57342426922,4.37113012670658,0.335512252675244,17.2472204583333,
0.00405850058556053,-0.00227901851857595,-0.413204864098657,0.910626199344605,0.00346960933268939,-4.7223375134865e-05,-0.41662082841078,0.909073729086561,1496.77105361536,2839.38989169752,4063.00117488983,1541.28552863854,2942.43274913593,3.47716022685033,0.339809200822749,15.4789235416667,
-0.0159423593157653,-0.00795611438188591,-0.986713671477784,0.161488922041799,-0.0122820481822484,-0.00402739700957471,-0.987314520114714,0.158249706907867,85.8103656625508,977.578854845706,4087.58109182993,38.1618159893536,844.309902002084,4.19662973247097,0.375155640624968,17.8119989166667,
0.00782461105549239,-0.0167415634897324,-0.927807717087458,0.372600772445131,0.00666500884971014,-0.0157469974056441,-0.928156538298547,0.371797055049387,-1559.46519657593,-1497.21820618162,4053.97983467601,-1359.62918135598,-1607.22248430605,6.86491360856255,0.54521475548853,17.648180625,
0.00438193048890432,0.00649214733822277,-0.984574458897722,0.174790690811575,0.00545573062907765,0.00199253344553467,-0.98493058904062,0.17285253711146,1153.61155921022,1116.12825664731,4138.33892162721,1253.05260389057,1138.8972450589,4.53524558185679,0.136752063308279,17.67416975,
7.37795553293255e-05,-0.00179326829855725,-0.595683443599268,0.803217289260574,-0.000494174944206504,-0.000847402086572237,-0.597035022837504,0.802214571798748,627.330547931182,2364.38226002004,4155.42263244741,691.618088862949,2441.88047414383,18.6541295568709,0.531372491905941,17.473233375,
0.000707902907202087,-0.00321666852947969,-0.0544685550341988,0.99851005424559,0.0028067526617746,-0.00389951900499517,-0.0543808354083114,0.998508708340252,-2475.18771992519,1695.6602895012,4054.85107111793,-2491.06491305684,1772.92108645616,10.9356445428924,0.225094465049481,17.58353,
0.00594065099648358,0.0152020538000584,0.989746654481931,0.141898436100694,0.00458243100228314,0.0135209435421205,0.990265476000267,0.138457475254338,-644.791308706838,-2758.86378886245,4078.99842965643,-680.107987349014,-2955.57054975474,6.14493583541851,0.0987219627591287,17.103786,
-0.0010406599584907,-0.000478761435506329,0.471923619497806,0.881638693101901,0.00193399555263495,-0.00237938489935967,0.469135493648814,0.883120878921785,310.064915971705,284.404217850845,4035.25428735334,247.410794508853,272.137771254034,2.6487863526949,0.379169161674177,17.6972034583333,
0.00605576158215927,0.00540518966851696,0.394590834198412,0.918821084457093,0.0106664422664399,0.00821897894038215,0.392028271033589,0.919854613569432,2748.09560981514,2439.87648667776,4077.42710784891,2596.45646521028,2475.81872997603,3.50642896858113,0.5019529205616,17.9128859583333,
-0.00600043546464128,0.0106927282969031,-0.973913910412262,0.226586309033223,-0.00501791482443351,0.00976914596872506,-0.974288006064013,0.225038364635158,2881.60784332076,-492.810809710795,4070.5104677889,2885.29411650168,-456.003669601891,4.66237269462836,0.364445483993393,16.3625761666667,
0.0108553497628922,0.00684843851265362,0.0220082345361169,0.999675396258239,0.0134312432622678,0.00511326597098719,0.0231969799015231,0.999627608831903,-2814.87839349956,237.731125987879,4138.78321956278,-2931.75277004852,387.868581342039,3.43496973867028,0.16748756952034,16.7398172083333,
0.0177637338018624,-0.0120734239343516,-0.746906748378865,0.664581816951103,0.0253084956516837,-0.0121297850580082,-0.746248363350041,0.665075731446939,-1950.23802114534,1869.29856329064,4114.65811140851,-1694.28346625015,1930.9328711207,13.9890034793984,0.895457545789881,18.176038625,
-0.00183570150440738,-0.00109659477214089,-0.994012391015009,0.109246483643701,-0.00197091181432726,-0.00014144776792749,-0.99371014919035,0.111965328987334,-2790.94503246419,-2250.5177858022,4106.50921935383,-2737.29638170266,-2317.09859725476,3.29658741847362,0.406125618251878,16.0538705833333,
-0.00468783663846265,0.0105609372760259,-0.815497327855101,0.578645486505073,-0.00420403316157754,0.0155395087538138,-0.814248542472968,0.580293168022435,1690.00324877911,-2099.83150636749,4114.73519801786,1687.70467552246,-2022.07916334556,2.22721718199422,0.275895297814614,17.2021058333333,
0.0168499264514598,-0.0104640555943722,0.833861155416685,0.55161776349774,0.0170868170494012,-0.0115251814523436,0.836373308980922,0.547772670822408,-1993.80079189857,-1520.89308163723,4044.06979862852,-2098.0654282976,-1450.7874628272,3.28377778352441,0.293042041591207,17.1184282083333,
0.0228574981941473,-0.0308235693139761,0.295114504597445,0.954690982217417,0.0230121300408439,-0.0335241256817757,0.301381072064693,0.95263635468598,371.101267002747,-2939.21359253067,4035.12680087523,468.465801922196,-2657.45411229153,10.2418630482977,0.387312003449999,17.894585,
-0.000915686194176728,0.0023563326595803,-0.199127335165438,0.979970363636117,-0.00379089650986824,-0.000349895466096681,-0.205269844830212,0.978698011380525,910.606588068721,-2962.72926978478,4054.30606526608,868.410957876523,-2885.42215582443,8.27309438845565,0.211359670114049,17.6958592083333,
-0.00206649835975887,-0.00270386527669543,0.865299449579337,0.501243734379584,6.4703741715433e-05,-0.00405992588241431,0.862383243744167,0.506239719623563,-2561.79805395769,595.308848233974,4080.17665181351,-2564.59375379703,527.043612797724,3.48525243293143,0.348138648034904,15.6575727916667,
0.000772307374953442,0.000433068014519998,0.995589581653605,-0.0938115179293717,0.0024767041234726,0.000440644007341362,0.995755917781282,-0.0919990433270899,-1449.20068888271,365.477286751302,4103.12669870424,-1389.50467080371,304.712343954415,3.8059984469086,0.278106157940641,16.981125,
0.00335727300921558,0.000590002223597183,0.71048229310937,0.703706822329703,0.00280290696440517,-0.0014894115144495,0.708149622500288,0.706055265201378,-1392.26879216552,1068.08469387372,4074.90727396852,-1480.32759635484,1030.77190732956,3.40448713130075,0.328937681798166,16.6529840833333,
-0.00958113828950844,0.0176692872598853,-0.219007029640219,0.975516232076624,-0.012802760458757,0.00675950952572926,-0.215522999235206,0.976391435417307,-874.767549095356,-1957.54781510696,4065.09643973569,-1054.2860268707,-1918.10512039871,2.19806772807771,0.13374631081922,17.5655703333333,
0.000577645153968371,-0.00790433907106011,0.147795971556242,0.98898611645547,-0.00118213096330359,-0.00336695808326022,0.144199922844191,0.989542140796126,-967.556269030676,2313.82743708423,4108.75577159182,-972.476273913151,2377.71393803547,3.26725023806914,0.310945487635642,16.7230928333333,
-0.00437348819944854,-0.00131418043555212,0.816815935643261,0.576880293310472,-0.0068488389617494,0.00067576795877169,0.815010984994066,0.579404635019038,1808.14964518829,-406.356623139635,4109.37159927922,1799.83526531049,-491.900748441972,3.04047916503568,0.25839577515427,17.2302163333333,
0.00124388886875465,-0.0014681432788154,-0.302101882711618,0.953273701387954,0.000675222602159672,0.000174155655348973,-0.302427420863262,0.953172161182984,1584.23088394354,-1968.86935751628,4096.33358873148,1594.84185409891,-1875.12955117054,5.03727870543248,0.329696260182928,16.8987655833333,
-0.00145682278622282,0.000366723460860984,-0.799098141340407,0.601198722293702,0.000486397950593209,-0.00394547954042095,-0.798730647237571,0.601675618395561,1879.88671303911,1443.75759927748,4047.70533722311,1942.05615950971,1465.98984056442,13.8444845741479,0.142998387335808,17.4649650833333,
0.0128831450555939,-0.000530545363756561,0.792570816810377,0.609643538008585,0.0172293233749766,6.14364575486469e-05,0.791762740585279,0.610585710005148,-2214.84361961116,379.831684470454,4161.10846462499,-2933.03079114438,503.602230168864,1307.61185283057,29.5408876392823,17.545090875,
-0.00190661963468039,-0.00131693598839566,-0.786547386952206,0.617525577251523,0.000519903967726381,-0.00375386998275943,-0.786474094910364,0.617611638649193,-1947.76789381458,2519.06705048095,4118.20715080069,-1874.58258924608,2535.4109607847,4.91641491280406,0.375734791208956,16.315325875,
0.000704186464122679,0.00218101913314586,0.671036064033041,0.741421167787924,-0.000779612421012507,0.000581730012205504,0.671345416076202,0.741143971241848,2029.65359245321,-2262.91021087882,4053.63834790769,1946.76845411005,-2315.29082240503,3.89776546386656,0.379772920040921,17.335049,
0.000579044379360207,-0.000892399636622886,0.128691040056183,0.99168416571999,0.00384288902612346,-0.00422292558085545,0.120079063058674,0.992747912472458,-1472.23058002655,-2982.51619332896,4091.28446794784,-1535.64263488373,-2924.60351209646,4.43576350614418,0.319192430449569,15.336962125,
-0.00166483976333753,-0.00339115019346949,-0.768797764554216,0.639480825064652,-0.000391272378978982,-0.000911192670642173,-0.769959333624783,0.63809218863572,-1364.10052067999,2158.80706095229,4142.47099776719,-1284.79026457571,2163.156993453,4.84964496915149,0.471471239588908,17.6286645833333,
-0.0129174224330851,0.0189541756472503,0.583566299900641,0.81174149397668,-0.0134460027209924,0.022145246733945,0.583190776247917,0.811921986127529,245.844638440032,-2614.53678703693,4106.48969570564,103.347478208999,-2822.9177288591,2.69328360436452,0.295316460041221,17.5722075833333,
0.000164680740995795,0.00201813468441305,-0.540474600071195,0.841357894531531,0.000593087656142107,0.00369652041877109,-0.541117662576015,0.840938558535697,-2344.82125948965,-781.744967368205,4079.55072204089,-2316.25889340347,-696.917484213806,2.79321847068426,0.20203315659613,15.9570730416667,
0.0187442757180362,0.0210494640712165,-0.299881062094391,0.953560129612842,0.0203795698034495,0.0153589262596755,-0.296594861079268,0.954662382677848,124.009347671085,-624.813257652972,4122.17904952055,-27.3694967543335,-321.748840275935,5.0053004504604,0.481447086764639,17.8316714166667,
-0.00185779843784524,-0.00478710185121029,-0.985071552248173,0.172068792034485,-0.00833114203107018,-0.00352357646605389,-0.984392344985909,0.175755192283159,-2274.86847099977,-2358.95156982337,4160.09340106151,-2215.15655881061,-2438.27731124256,3.85650330849457,0.255885328295193,16.6829225416667,
0.00463145979484932,0.00897672259724112,-0.986173152344677,0.16541004088671,0.00525164481337072,0.0122818208079865,-0.986265680324204,0.164625590109889,2543.01487441427,512.966998368202,4099.3830476817,2645.3504919168,549.181445150131,5.51749996483054,0.454165702767853,16.1020215833333,
-0.0111351843290161,0.000182142986118868,0.936686649732193,0.349991563766001,-0.0124129124050957,0.00226186062126463,0.935648562509424,0.352707486546857,170.093817745992,-2447.01603578413,4036.08370157005,248.976614991876,-2558.69908469544,4.32727234575691,0.290741104298064,16.656524,
0.00143198700399387,0.00662469779446805,0.960905184391342,0.276794670111608,0.000734664486603944,0.0078547485329937,0.961734399600971,0.273869873877603,2879.91250136451,610.626755600993,4148.98249286974,2874.5660946642,472.245778629808,3.77459556722052,0.000152857528007644,15.854975625,
0.013895727332342,0.00116124535123302,-0.848463399827741,0.529070335044302,0.0138469912577646,0.00139223568991192,-0.845380443350328,0.533983359772281,1436.37071206333,1030.044209655,4039.08498247313,1609.17887850264,1113.74754452434,11.1740068545375,0.116213586445426,17.6583246666667,
-0.000966185269924935,0.00398574281977026,-0.921272189337705,0.388896815997651,-0.00221641303388739,-0.00241295499029376,-0.921676442303209,0.387945615859721,-2038.94992096689,655.153251877417,4046.38885639219,-1979.05239024854,675.286002706127,12.1591009353153,0.215031688476131,17.38827775,
-0.0220959982373584,0.00825462532420867,-0.45461911627138,0.89037356606274,-0.0214987466376327,0.0100152814600826,-0.4583367454777,0.888462112740434,438.886363829999,-891.473120900034,4100.1386304567,315.125763309285,-943.321598525206,2.73470377426562,0.184524281526656,17.783617375,
-0.00102174818617875,-0.000176661051363244,0.953847476021735,0.300289722282468,0.000185918186802917,0.00224262994048439,0.954342841433389,0.298705000042222,422.674397724858,1491.72816904812,4042.69846331795,437.35791307742,1408.50307219965,20.4682628819255,0.160280100559504,17.6861205,
-0.000114873139855356,0.000198853376036262,0.722011338765907,0.691881184853989,-3.82083249000629e-06,0.00263013959961892,0.72075999287047,0.693179713370528,215.058601477776,2110.26022304662,4137.8354850888,147.845382752629,2058.23714071003,3.8012130219498,0.471956643133623,16.6352837916667,
0.00156077222236802,-0.00776148775857974,0.914458874261479,0.404601397158082,1.41401910425567e-05,-0.0066969248224248,0.914900787326242,0.403623215818664,-1807.14356496288,853.846683170827,4069.56570345955,-1805.98683612512,835.995731642739,7.17875895728466,0.259961895475243,16.6915669583333,
-0.00147914859594029,0.00392854858800338,-0.00510004636010213,0.999978183838301,-0.00209002293877728,0.00694227587870084,-0.00986546884166653,0.999925051758517,-1629.91321480597,-945.222887425412,4055.56069374848,-1710.06588043073,-893.110653052477,2.09105502858254,0.284545251015451,9.54188875,
0.00927509106153265,-0.00343102682557106,0.99993787697557,-0.00514226898486824,0.0134072759653314,-0.00612278391429892,0.99988347203663,-0.00397477248422522,2856.66741425816,-1705.38175871844,4037.12516672084,2843.69000143124,-1731.48227661461,9.88250744491038,0.400405748048939,9.65604054166667,
0.00923074201996209,-0.00166065507335606,0.791700268330489,0.610837720472402,0.0129136948021971,0.00406682038231013,0.791673929813159,0.610793816531178,-1520.24301224526,-564.703949127098,4095.83179423593,-1625.73366056124,-574.654943331342,4.55736365090556,0.303169589929354,8.89699016666667,
-0.0071836128054674,0.00278413317803112,0.0447842123335724,0.998966975748032,-0.00963634246519789,-0.000618062775182834,0.0383114144070388,0.999219192383949,-644.891894560096,-637.767418369089,4126.90091671007,-726.402706255331,-638.114073926472,7.79172479076431,0.321703715926843,9.27919758333333,
0.0050087390961384,0.000683610115818452,-0.845433651907457,0.53405653767396,0.00742109915510907,0.00189038273710193,-0.844396203084452,0.535664452765906,337.691581240156,1448.05241082922,4084.34681023348,454.448044445243,1491.35616309339,1.912765104924,0.187315846362381,9.03893604166667,
0.0111238793749473,-0.00443803036695884,-0.943556919834733,0.330993809951342,0.0158679136737633,-0.000562578891063461,-0.942720189356528,0.333206448617407,-2422.98784737018,2702.77939381111,4120.37057326952,-2241.56242389261,2683.43113333363,6.33729834326736,0.363589060590215,9.11644733333333,
0.000336519087224075,-0.000381041991339989,-0.551066081448082,0.834461452338789,0.00137501532199043,0.00593931180020014,-0.551096666214783,0.834419138320278,2569.9895843508,302.079667295627,4099.04626613488,2617.12251132256,381.355691960397,3.08254845684631,0.494577066357408,7.743385,
-0.00101228901921703,0.0102704790412791,-0.87333405482087,0.48701244462677,0.00240329791597982,0.00955941616667772,-0.873615116807133,0.48651769691116,671.658878108886,-2164.52030548062,4157.50513128512,705.072369496809,-2090.68540999575,10.4006096093718,0.383318215012082,9.48629220833333,
-8.79021447269995e-05,-0.000955324220929024,-0.0745826727403173,0.997214372417364,0.00496175932139502,-0.00204793076228595,-0.0731110493315127,0.997309360925523,1335.47764126019,2331.44445370667,4110.516970874,1300.68816509121,2404.49673149182,2.95030478333891,0.317101374813287,8.90662254166667,
0.00129326121497783,0.00444474382387432,-0.405733350620052,0.913979769974366,0.00109163296096187,0.00989113350255163,-0.402902028710731,0.915189012759818,2195.46696506605,2049.32613808004,4054.20561768252,2177.29165761292,2151.90063881373,5.59663513450921,0.28594299502916,9.2222195,
-0.0028437621734569,-0.0271759166459587,0.916566766989234,0.398947044383157,-0.00385616437589029,-0.0225663103358093,0.915585427087099,0.401471315712429,2233.35046878693,-2752.48866963858,4057.34171959872,2333.21886879045,-2637.91935501722,8.95935116721304,0.353313404975125,9.19250725,
-0.00175961883352739,0.00544732686340669,0.964007844614692,0.265812162800989,-0.00436722669076133,0.00926504181821097,0.963787654547079,0.26647409493941,1147.90575554577,930.821805138314,4129.78034961738,1163.3458557781,800.68603242043,2.60793299086588,0.225366344231333,9.17682945833333,
0.0006932146479888,-0.00104414270841494,0.699452815088061,0.714677681675343,0.00463666031536716,0.0013559315707785,0.699742588002695,0.714378732442383,-2038.75252886894,-2429.14921425975,4090.35353930431,-2104.57638733748,-2469.38707724669,1.94605430416389,0.253706089567814,8.42288854166667,
0.00732440505482996,-0.00526943303772579,0.999156600546144,0.0400583792873167,0.00775347144771319,-0.0038320832535824,0.998953281838329,0.0449170293193992,-1066.58797670687,-2731.96387549917,4060.0534476692,-1080.77566289166,-2750.04511288161,7.57912491605758,0.306277592065499,8.77044229166667,
-0.00525273872439182,0.00493310129320851,-0.762688372235538,0.646726000794951,-0.00659774205485303,0.00660766113002063,-0.763148110609969,0.646156149770783,2669.7068886024,1179.49011338926,4097.33257971629,2684.05708296204,1226.09519170644,1.44844775671693,0.407418541375321,7.884695625,
-0.0242877069339756,0.00178178927619427,0.356164949933244,0.934105701169795,-0.0260210973829794,-0.0039709064952263,0.356330390059937,0.933989179547775,-2275.79055527926,2493.63715375222,4072.71710198113,-2300.73360883941,2313.70161351881,4.80023093988394,0.456732647746577,9.10502358333333,
0.0198569125106302,0.00360852328634982,-0.060213241482539,0.997981486369062,0.0238935521864225,0.00280347552786166,-0.0663929641212052,0.997503490221503,-1464.73225379248,2005.47795235688,4118.23611235257,-1526.39578588842,2243.86415561673,4.46616959895285,0.437632543731215,9.312669,
0.00420255382703236,-0.00135781444786677,0.999973929419733,0.00571273683237515,0.00513787032216593,-0.00116585769676056,0.999976210245993,0.0044521911960438,-2820.22450301763,-207.925847468055,4159.44968284485,-2817.29694017105,-262.208820317769,8.62071233739616,0.38884098414286,8.492627125,
-0.0176495030615855,0.0174171459418274,-0.395657616250913,0.91806328146352,-0.0152151906068717,0.0192768222185115,-0.397201640890205,0.917402724311456,-1289.63421390355,-2179.78295421435,4059.94907646119,-1465.51639907325,-2167.89369759156,5.16880772973592,0.181011266255915,9.041926,
-0.00957125832289426,-0.00916889020206714,0.961030691149449,0.276123764162722,-0.0119259876679869,-0.00842904690445236,0.960279439302399,0.278657711968458,2193.96841721808,-1105.28772263528,4095.37685557646,2300.79288785041,-1138.63087860031,2.34117956938787,0.309231772133103,9.087695,
-0.0053312834657816,0.00648133728215866,-0.937267518759727,0.34850992519816,-0.00650609882086032,0.0112713996682415,-0.935987967027842,0.35179134697536,-1042.46655326673,127.025828058871,4137.68622292531,-1023.55577657675,147.180202624273,8.09946173581423,0.315206227696819,9.08441066666667,
-0.000629362099346016,-0.000724693846018516,0.635409881514628,0.772174437025562,0.00118117102922891,0.000709112504252675,0.63415360616303,0.773205862487398,715.004114638116,2386.34890757304,4082.86394974627,646.894937574485,2343.60979619057,3.10202599435878,0.511062933921551,8.92554270833333,
0.000655791639894838,0.00405285762617617,-0.146894257534239,0.989143680860294,-0.00116199056998529,0.00683742602415358,-0.150953456271242,0.98851654180547,-1377.77540398386,71.199495972794,4097.37337893956,-1442.54323810905,161.51218048554,3.8360369048161,0.293869162881705,8.90828783333333,
0.0298764372086791,-0.00848293438297307,0.322463026331092,0.94607242586039,0.0291403894846234,-0.00817312522376647,0.322814552381262,0.945978225169928,-1558.03830018006,-1065.59360343915,4108.63761340632,-1668.63805181011,-785.634758028176,8.33451671498656,0.130700077834753,9.451014125,
-0.0130661759343021,-0.0070489065878204,-0.55770644376936,0.829905482895796,-0.0085408213579195,-0.00729810901669495,-0.553787120587759,0.832582498642886,1627.93803696834,-1448.32309099412,4066.1844976768,1657.22175548824,-1495.41912360714,8.24720093037042,0.310606134738492,9.52078233333333,
-0.00349839348013775,-0.00356877967485974,0.926058025454119,0.377348060213257,-0.00427189721156782,-0.00294815554363828,0.92544217475984,0.378853323132954,-405.314869674407,1966.58537904143,4128.09462263481,-376.7252868959,1900.35786132989,3.12473848984807,0.340990100416803,8.845638,
-0.0113686721683496,-0.0191622039528668,0.219327994865609,0.975396736667203,-0.00944275194152562,-0.0203919447740936,0.220026578737085,0.975235001255264,-1819.50585159282,-516.491962599075,4119.73488678681,-1718.94206282469,-537.920957339748,4.39330208065515,0.353838682274759,8.76716495833333,
0.00230692349065294,0.000453042054129273,-0.573903801535824,0.818919348556154,0.00881982418169838,0.00214953659642618,-0.574550985419418,0.818418447584975,492.358341057135,1993.62063438987,4125.06482715923,543.610903361907,2084.6675224754,4.87360009019758,0.273669696664356,8.9367725,
-0.0109638455165001,-0.0132049175187855,0.511752902151201,0.858961228103245,-0.0138790598055424,-0.0154170270981479,0.510148371107258,0.859836220701931,1482.43289164088,1697.08876682764,4116.14537621785,1541.66984106731,1659.65478872742,5.53648183083251,0.324172072862638,9.16060225,
0.0329050612965522,0.0155514329066969,0.968537218354616,0.246193148843587,0.0369990207985388,0.0146484112881817,0.96760057721095,0.249330342092008,332.923504034671,2992.96840111177,4052.10233997176,54.944073656334,2849.21584957927,2.98673744689022,0.493905111597911,9.287844,
0.0040548805286943,-0.00765759554957789,-0.989659562375197,0.143174263656672,0.00090645218878505,-0.0048232071217049,-0.989824410606218,0.14220953268168,2734.63180216028,851.075783156488,4072.967547353,2844.74626534528,740.906355761772,4.39119916629686,0.156015350509875,8.41671870833333,
-0.0127813930859935,-0.00736717292129321,-0.962246716244874,0.27177861915516,-0.0104401455890824,-0.00389997464775618,-0.962441303199506,0.271261002456053,-1615.34819289623,550.183770495763,4100.47032761049,-1621.21316161684,432.284290683343,3.29140381895467,0.366327776459968,8.65639908333333,
-0.0129961845271593,0.00340872618609006,0.909913276017961,0.414580884629026,-0.008212778716551,0.00428488630842489,0.908802463401423,0.417123809594445,755.629572002834,1530.5595993679,4038.49541867021,817.229180133112,1369.62431314879,9.73622725061773,0.0393020695715336,9.25603225,
0.00288661292556452,-0.000826068785937698,-0.836518984183319,0.5479297164574,0.0076452974773169,0.00163400695597752,-0.838857827412464,0.544294428445296,1081.32853502463,1584.48063948201,4154.67950464058,433.182693064058,473.926747374657,2020.14183916439,8.43184254829826,8.96466933333333,
-0.00859765177255285,-0.00680609692660052,0.999573025835037,0.0270836380793428,-0.0091007690018054,-0.00718435075941485,0.999541396613337,0.0279742303558186,-560.333663072926,2018.83074047471,4035.26043559908,-443.649946807565,1995.74328258722,12.5239709677908,0.277099232926616,9.107734375,
0.0139997243955237,0.0115129577246478,-0.714806572485154,0.699087278852438,0.0186209006373994,0.0153253951474118,-0.716228740098793,0.697448769573452,2673.90157498146,-772.731036704626,4121.7793750174,2837.501322279,-1168.26509347567,930.025787659841,10.3450876419108,9.11731025,
-0.00691556421791268,0.00671827245003053,0.867616972055494,0.497139647974381,-0.00834891911848016,0.00715287717608033,0.866900150648892,0.498360572981636,-269.381042681267,-1760.39370969043,4050.20287454375,-281.588224227886,-1913.99140394647,6.59617767742839,0.0929529645816274,9.09709208333333,
0.00409723156699735,-0.00459898331587244,0.952241139260638,0.305284907497161,0.00503452724512957,-0.00371457687309981,0.952701456375,0.303843365033737,2681.21729270629,-2054.36029958081,4125.58251401413,2665.69745022543,-2090.01251196994,4.25972370572074,0.297681001368233,8.52893808333333,
0.00855160552286423,0.00368539204051,-0.773718947140165,0.633460558176122,0.00988705480499246,0.00521175861595054,-0.778334731210026,0.627750053693052,165.311270515099,-1472.68115805909,4161.09691703882,275.056355416804,-1371.0716301074,6.15693331435344,0.382086448947234,9.09804045833333,
-0.00498007379471738,-0.00556708086351226,-0.964285245052189,0.264760594972698,-0.00428318328483044,-0.0112072661126773,-0.964904756290979,0.262325871416214,2577.34651827718,2224.49182337277,4053.15743151093,2627.31210640956,2136.12277980885,11.5814388859843,0.0881229512185087,8.34823854166667,
-0.0138656886176349,0.01474439780679,0.68500421377893,0.728257902475204,-0.0162574036336027,0.011110874184625,0.688640934544946,0.724835090604071,-933.597215534872,-326.183885591561,4043.04238893365,-1012.54719230003,-536.44584553153,5.07197733221353,0.27263874293476,9.211476625,
-0.00297630835197883,-0.0063873764810415,0.999007442524811,0.0439826419206383,0.000772624853270633,-0.00859350788462979,0.999098221291684,0.0415728142524273,1565.18159634611,-1043.74276271487,4147.27804199836,1639.36867465791,-1064.2069869869,14.7068490757812,0.483696084840858,9.56119216666667,
7.29459535446373e-05,-0.0160024421542282,0.546279672961553,0.837449959957613,0.00236015954584801,-0.0178768681828532,0.548499641872483,0.835956332649408,-1811.54393428123,-2507.56590982393,4069.75443528623,-1784.69676550315,-2458.8277946584,4.83460375757755,0.283652702459079,8.77732991666667,
0.015087744951324,0.0201522277323218,0.412686318086312,0.910525260788558,0.00986991880678364,0.0167257379084853,0.419561025571267,0.907519355284366,1342.92786127537,2441.44481212684,4086.77786170333,1052.20004203512,2487.89489648458,4.28222025169106,0.645513057486646,9.076157125,
0.00481671795925591,-0.00344756096775879,-0.941424617277254,0.337171474973567,0.0052288850248716,-0.00616502518420541,-0.942694411300136,0.333559437176292,1945.26739426631,-2046.60319731174,4164.82089348872,2071.36869182148,-2079.96041468833,9.5547527448802,0.414990462502573,9.39156579166667,
0.00404235640030844,-0.0088023387613346,-0.394062901121233,0.919032430410908,0.00628486663503682,-0.00672708160881075,-0.394852737843212,0.918698297724627,898.50483173726,1894.26767666398,4128.74706823682,990.668387248558,1979.12303201194,4.25376895075476,0.273790606739595,9.0558545,
0.00266726136914173,-0.000112230580371452,0.984120123439211,0.177483677455361,0.00620438536173091,-0.00561508717313323,0.984145442648228,0.177165809661584,112.475195382477,-1490.96002715363,4036.61981630093,113.927579925597,-1554.71220689285,5.94743593554542,0.324432309420132,9.32050816666667,
0.0101372896076239,-0.00467948711096476,-0.678177700153569,0.734813135956486,0.00841780328004367,-0.00567229347795752,-0.676981029753586,0.735930466164034,1657.39291847011,-656.303809392376,4054.33653970014,1801.11748092834,-562.509203205149,3.91121743199054,0.442828051178836,9.107360375,
-0.00632300038138026,0.0230318438969377,0.656287610773531,0.754132697725045,-0.00370988487813785,0.0246794988474782,0.654604677698699,0.755559312711987,1911.34631373623,-1392.3897636926,4143.26451759429,1725.27983813218,-1611.97518861994,13.1439883685558,0.0114547862424104,9.81275833333333,
-0.0113952582678771,0.00927228193986098,-0.584971662063569,0.810920666563149,-0.0150819038189873,0.0102228746807088,-0.585457316276909,0.810498463803786,-530.801776866281,829.706456466508,4107.38327960335,-602.843095152293,869.072132799934,3.13549456508277,0.350839807492903,8.953166375,
-0.00721739831153949,0.0111254415192207,0.768758458871081,0.639401724760558,-0.00794740344503574,0.0134323772123098,0.768904421693373,0.639173216210823,-1056.72978018792,-1459.88268509348,4121.64730953883,-1121.60512904619,-1635.71024495457,3.56271300707116,0.0668886414379841,9.04855925,
-0.0212478176462444,-0.00644868441117403,0.588751164355291,0.808009289046188,-0.0171691050973052,-0.00858866244405075,0.588682055825264,0.808136680182827,208.345337626753,908.692316062034,4136.08102815145,278.963243652268,769.692010473383,8.18317542569034,0.206471344539523,9.25552291666667,
-0.000204470738729184,6.52143776651064e-05,0.997365125355839,0.0725448872266911,0.00221592351686976,-0.00214665741784529,0.997166908779467,0.0751574186630898,-1005.80405028404,-1980.11243857807,4159.58152898192,-958.269726384159,-2047.99474104467,13.4107606914774,0.135192784920861,9.37208841666667,
-0.00134740261459544,-0.00870700873070331,0.946147216704274,0.323616774639254,0.00147664958965014,-0.0103388843080625,0.947353280276941,0.320019826457319,1646.26265151493,1266.42499007318,4064.34583326389,1678.21775864154,1240.21261227569,10.528005802347,0.0888333792367177,9.157843625,
