Rot_act_X,Rot_act_Y,Rot_act_Z,Rot_est_X,Rot_est_Y,Rot_est_Z,ACT_PosX,ACT_PosY,ACT_PosZ,Distance_err,Direction_err,Cost,Inliers,Time,EST_PosX,EST_PosY,EST_dist,Reliability
0.212391785428868,-0.892181624138721,45.3521612107016,0.0386670155483134,-0.820655029277786,45.8807939793781,-4.45687483011125,1876.40291265247,4082.25548580897,0.0527402523447454,46.0906292011401,5,12,0.566395916666667,-9.9631214349978,1888.70740995509,13.4803340293901,1
-0.190018485103492,0.262696371432004,-65.5969685820962,0.0112248400652195,0.425272250158977,-65.3206053104808,-1127.40015714393,-1641.97426692953,4068.15930462594,0.0639058324545114,65.2404606803555,5,10,0.234633458333333,-1136.5917881036,-1658.20222774493,18.6502759208837,1
-0.118968190094947,1.19126366501762,-168.643259878279,0.150414584364542,1.31455762146356,-168.727989177255,-613.82458753214,1809.69187566095,4103.26386300784,0.360138659634692,168.635809743673,10,12,0.24038475,-626.110189153873,1827.39123402202,21.5453775460401,1
0.531423679432581,-0.0456466114446894,-48.8134129450835,0.363695129017254,0.160724267079136,-49.2426646707387,1496.77105361536,2839.38989169752,4063.00117488983,7.03114260253016e-13,49.1337070073123,2,4,0.162896625,1515.77008490054,2861.13239527464,28.8738575804586,1
0.604934355155384,-1.95019411324577,-161.420660852833,0.233004200139875,-1.46275729880761,-161.790805048874,85.8103656625508,977.578854845706,4087.58109182993,0.214470845484653,161.786345988689,13,13,0.226826625,56.8783543876524,934.577358753795,51.8284665271272,1
2.11451620238243,0.117091459089379,-136.237773998984,1.95917699207645,0.0379853032648489,-136.339661179247,-1559.46519657593,-1497.21820618162,4053.97983467601,0.100526351499936,136.445076250854,1,6,0.186328791666667,-1547.49868293826,-1501.73682532645,12.7912222878261,1
-0.644753381050216,0.624433656117159,-159.869933754203,-0.116830407059537,0.65524084639904,-160.092902441279,1153.61155921022,1116.12825664731,4138.33892162721,0.841690787370375,160.080155991892,100,10,0.299802708333333,1135.96638876972,1154.27637088598,42.0313057118252,1
0.129200447574646,-0.160019853663996,-73.1230544809969,0.0125471559829291,-0.111708282847664,-73.3157345257074,627.330547931182,2364.38226002004,4155.42263244741,0.367166565153459,73.298561682784,8,9,0.243402458333333,637.684407601883,2363.19129670911,10.4221304774298,1
0.101078198128576,-0.363637831610178,-6.24508173472044,0.345462465107169,-0.428699058655407,-6.23602467814519,-2475.18771992519,1695.6602895012,4054.85107111793,0.303602625240092,6.54304074882698,9,10,0.261826583333333,-2482.38588204308,1678.30666802937,18.7872753762522,1
1.82111966467215,-0.426581537791341,163.675600670938,1.60724220106259,-0.305473610533795,164.076888718395,-644.791308706838,-2758.86378886245,4078.99842965643,0.341463674962969,164.0490272367,31,11,0.196805,-658.111468002028,-2770.75198026208,17.8537317780749,1
-0.131026959125466,0.00790881240433988,56.3185021128765,0.0678048330771998,-0.344761149662147,55.95647052543,310.064915971705,284.404217850845,4035.25428735334,0.153306680248252,56.0547006860797,12,11,0.201040291666667,308.774608881548,253.718808596645,30.7125256773954,1
0.882057752805345,0.295287049464603,46.4848100244269,1.49374938024203,0.387175598842926,46.1710018674275,2748.09560981514,2439.87648667776,4077.42710784891,1.35115264174655e-12,46.1791587911441,1,4,0.161640458333333,2779.39673064868,2417.46071269126,38.4997024514427,1
-1.34929008405484,-0.392030147780161,-153.801026798395,-1.22018743290011,-0.308305676619812,-153.984852406805,2881.60784332076,-492.810809710795,4070.5104677889,0.126929601976942,153.94950123816,9,13,0.32038625,2871.95398511242,-487.064091847187,11.2348451039936,1
1.26101104102847,0.757163808411485,2.53070193984732,1.55238737514338,0.550024732827512,2.66614294774998,-2814.87839349956,237.731125987879,4138.78321956278,58.2641023606326,2.55645718059678,10088,2,0.230593333333333,7383.19197885941,758.554429710451,10211.3611351909,0
2.38698190678731,0.600937706069435,-96.6634584713087,2.96809824905063,1.23988551147875,-96.5513836246058,-1950.23802114534,1869.29856329064,4114.65811140851,36.7024962224901,98.6541043511588,1347,1,0.207130708333333,-1449.86587558371,2408.26703805994,735.43137059082,1
0.101928281071318,-0.222824898378961,-167.45640843461,-0.00918065539527162,-0.226244698240004,-167.142715458716,-2790.94503246419,-2250.5177858022,4106.50921935383,9000000,9000167.45640844,2147483647,0,0.158227416666667,9000000,9000000,9000000,0
-1.29787532072528,0.262200203165599,-109.286882617728,-1.72985494155795,0.641077849695291,-109.056765861584,1690.00324877911,-2099.83150636749,4114.73519801786,0.367518395847681,109.111044952953,12,11,0.242802583333333,1710.51767136379,-2135.92053307975,41.5121594598568,1
0.0652710297466486,-2.27210475630311,113.027654889572,-0.032074235247662,-2.36172893656358,113.556034553611,-1993.80079189857,-1520.89308163723,4044.06979862852,2.31542449324508,113.546912262854,334,12,0.1838265,-1991.77737136829,-1534.34692685642,13.6051527674014,1
1.46220920297408,-4.14869467825782,34.3019328699487,1.35855679576703,-4.45887046291625,35.058234653707,371.101267002747,-2939.21359253067,4035.12680087523,0.182211773977272,35.3016310391141,9,10,0.18175525,350.396253839817,-2945.4633191817,21.6276825686381,1
-0.156597345577622,0.243713835950656,-22.9722726876489,-0.41692547464603,-0.128411263611282,-23.690298880128,910.606588068721,-2962.72926978478,4054.30606526608,0.297549576914543,23.5368714034101,10,10,0.169290208333333,893.365382108557,-2936.0020010142,31.8057554366389,1
-0.386803738238416,0.0496003167625538,119.834810242509,-0.397462562313344,-0.241914404755907,119.172919870896,-2561.79805395769,595.308848233974,4080.17665181351,32.5519069286485,119.030153194542,2170,2,0.187365875,-2324.1627696101,588.095219306656,237.744747174908,1
0.0411048146656187,-0.0927651097232223,-169.234190419871,0.024169895136597,-0.287251487128563,-169.442784975399,-1449.20068888271,365.477286751302,4103.12669870424,0.105006021297063,169.300453468741,16,19,0.187242541666667,-1434.92944952331,367.123505836633,14.3658731071359,1
0.318765985793431,-0.225756777029831,90.5483833070904,0.105916816373142,-0.347957614547854,90.1693818633981,-1392.26879216552,1068.08469387372,4074.90727396852,0.150911745932659,90.4099896446372,24,26,0.189709333333333,-1407.8671340544,1058.83115491086,18.1365998196815,1
-1.51534242627403,1.73499110955869,-25.3295791319321,-1.59964781908685,0.440109009821221,-24.9012197911823,-874.767549095356,-1957.54781510696,4065.09643973569,0.295777194760263,24.9301087435815,24,7,0.169176,-961.431791532792,-1913.17853675833,97.3618188944344,1
-0.0684135845554793,-0.905615290633087,16.9995213498741,-0.18968565475246,-0.362258843106541,16.5826084679769,-967.556269030676,2313.82743708423,4108.75577159182,0.263244443458332,16.3566552577853,6,8,0.315555333333333,-933.191119003632,2334.2993488167,40.0007838218611,1
-0.412129763356133,0.322486420959524,109.535162463578,-0.391646590587287,0.684520032302867,109.178373748858,1808.14964518829,-406.356623139635,4109.37159927922,0.546765171600694,109.193441977152,37,18,0.282449625,1801.89341484801,-379.603002523043,27.4753823297731,1
0.186704221171255,-0.11731447491505,-35.1680401707293,0.0677160759412989,0.0424225040488009,-35.2069000454099,1584.23088394354,-1968.86935751628,4096.33358873148,0.223194416201177,35.2062878428211,8,11,0.208268125,1598.86852652969,-1968.4718572624,14.6430388557764,1
-0.133945062669117,-0.108136761448966,-106.088180050594,0.394662909310297,-0.227510437654455,-106.020102549961,1879.88671303911,1443.75759927748,4047.70533722311,0.202304261267204,106.059737810099,31,13,0.153905,1846.87934177141,1463.5578715698,38.4907435736692,1
0.852051930722705,-1.20722526394658,104.856229943988,1.21161365706629,-1.55909872871002,104.706665332052,-2214.84361961116,379.831684470454,4161.10846462499,1.38893946479232,104.796478526661,119,17,0.265119625,-2182.55682984818,360.756376859196,37.5007220418907,1
-0.0162210478365261,-0.265038426864285,-103.728394305142,0.375111743743679,-0.218818017131252,-103.716204752078,-1947.76789381458,2519.06705048095,4118.20715080069,0.123209153529972,103.570955382291,6,7,0.141230708333333,-1978.9697606489,2521.79125945236,31.3205652641591,1
0.22753892017248,0.131152358515526,84.2946911387011,-0.0214588295085752,0.109381710679243,84.342008166009,2029.65359245321,-2262.91021087882,4053.63834790769,0.316025252894984,84.6629290357059,25,19,0.142127458333333,2010.99341943491,-2262.47059037146,18.6653508743771,1
0.0526417826135057,-0.10995025727697,14.7878760641663,0.379080627263545,-0.533288290219597,13.7917928502721,-1472.23058002655,-2982.51619332896,4091.28446794784,0.205216335675786,13.7614077921673,4,6,0.112538,-1495.44560113143,-3012.96009098083,38.2853511037506,1
0.176759166283897,-0.395172194444137,-100.493695765176,0.0517855548524177,-0.101148732039767,-100.700588074479,-1364.10052067999,2158.80706095229,4142.47099776719,0.0612122918012214,100.050459732157,15,11,0.1530265,-1360.05812611832,2135.38426472024,23.7690626049992,1
0.0660065966037982,2.62782533530847,71.42672662064,0.229237342925691,2.96027689846498,71.3841072487107,245.844638440032,-2614.53678703693,4106.48969570564,0.30060827273176,71.4702200809619,17,10,0.131590708333333,265.532501937569,-2596.3581988129,26.7968848733648,1
-0.109114283250614,0.204773180625107,-65.432251438741,-0.172063785186954,0.392992169872674,-65.520617709749,-2344.82125948965,-781.744967368205,4079.55072204089,0.677307178957623,64.9737313916568,52,16,0.132956375,-2333.47169506724,-792.466122243139,15.6126799246887,1
1.32671670322681,2.94549622134342,-34.8811249189206,1.70916019420592,2.3735336563138,-34.4825782018723,124.009347671085,-624.813257652972,4122.17904952055,0.236184084223062,34.3346201364132,31,15,0.15651575,74.7038737032695,-620.734012208043,49.4739325967821,1
0.503754494431651,-0.30410166797549,-160.184823310565,0.229716833640677,-1.01079573783905,-159.755972073102,-2274.86847099977,-2358.95156982337,4160.09340106151,1.00726794850455e-12,159.409709923888,7,4,0.07781875,-2219.28652705581,-2360.73163454909,55.610440773453,1
-0.926754420146584,0.693555001865704,-160.962517921349,-1.28923519521684,0.825250368890554,-161.056608870524,2543.01487441427,512.966998368202,4099.3830476817,0.269476732237449,160.981100958438,17,15,0.197758291666667,2542.70802922619,485.3187573176,27.6499437099175,1
-0.427136052757178,1.20260375677279,139.019263646317,-0.259266316397035,1.42244495217914,138.687329415304,170.093817745992,-2447.01603578413,4036.08370157005,0.35984164385383,139.064432414473,14,10,0.16498,166.021842155328,-2428.27222028853,19.1810219890423,1
0.774900415133064,0.0524459631762723,147.861609731734,0.888740929987743,0.165542276839997,148.210913763242,2879.91250136451,610.626755600993,4148.98249286974,0.122138763298909,148.169057064873,5,8,0.167217666666667,2877.68271639684,622.279274888947,11.8639431370098,1
0.729796428931626,1.42158498702306,-116.098673523744,0.712665818100913,1.42674432131645,-115.434133463859,1436.37071206333,1030.044209655,4039.08498247313,0.0517656625564396,115.330775363423,6,10,0.152318166666667,1437.24599041425,1028.77102215206,1.54503029395287,1
-0.463837768436173,0.0756216357352211,-134.228152346071,0.156319153302818,-0.341360073973057,-134.346747026679,-2038.94992096689,655.153251877417,4046.38885639219,0.602863926156567,134.32552326495,55,15,0.1494515,-2049.14840912762,707.745503071417,53.5719520497187,1
-2.68549024404413,-0.308890263528198,-54.0898983317618,-2.71583260600465,-0.109488570187575,-54.5736979215795,438.886363829999,-891.473120900034,4100.1386304567,0.130335006503721,54.3796297111919,21,17,0.148532666666667,449.852241272709,-902.354760574729,15.4486423383561,1
-0.0544686975727538,0.105601043602851,145.049919729178,0.251617927341929,0.0564312051556207,145.240355049056,422.674397724858,1491.72816904812,4042.69846331795,0.356142579831372,145.708210918902,20,11,0.144169708333333,439.313254927907,1507.86854857046,23.1811004947679,1
0.00734484160800477,0.0252700315217644,92.4415866448555,0.216929615884121,0.209234718695261,92.2353333210611,215.058601477776,2110.26022304662,4137.8354850888,0.0556404933089348,92.4086395756504,1,7,0.128099958333333,229.347839593919,2124.46477448115,20.1482408015197,1
-0.741008702260144,-0.523412339038479,132.269493724321,-0.701478843100119,-0.31122890516559,132.391012589268,-1807.14356496288,853.846683170827,4069.56570345955,0.192141504581268,132.801472744369,12,26,0.174653416666667,-1815.40568296037,866.885433988974,15.4360492582199,1
-0.171795716835511,0.449308843950364,-0.585103554330486,-0.247353742978263,0.793129152805066,-1.13225956175838,-1629.91321480597,-945.222887425412,4055.56069374848,0.925276934269649,1.08717674065828,68,10,0.134870958333333,-1605.27067058164,-938.115001793191,25.6471640539178,1
-0.398679282069924,-1.06081995533957,-179.407017111868,-0.707915850958581,-1.53357595539561,-179.534999235718,2856.66741425816,-1705.38175871844,4037.12516672084,0.308138097133134,179.610058729389,72,11,0.146449666666667,2891.31755464021,-1728.33081489124,41.5606954672069,1
0.49553943121626,-0.953717588130824,104.691786405922,1.27304868308752,-0.886910690509923,104.688196830325,-1520.24301224526,-564.703949127098,4095.83179423593,28.8834700865851,104.861821947648,115984,4,0.13637475,-5529.245336492,-763.81322865217,4013.94371423028,0
-0.808085502423673,0.355576399895344,5.13125463664597,-1.10616355383127,-0.0284643470499709,4.39171898425597,-644.891894560096,-637.767418369089,4126.90091671007,0.316776151886133,3.53930100147039,46,15,0.24228675,-675.560955404539,-616.347627480675,37.4085382604496,1
0.240309700436745,0.527087701056841,-115.43806827011,0.272641751863138,0.834136700388475,-115.217915326383,337.691581240156,1448.05241082922,4084.34681023348,0.212680007888439,115.042879905908,5,11,0.142440125,325.283025387136,1429.6705084051,22.1780656299665,1
0.901959032077087,1.03448025490485,-141.330760502167,0.666959262546702,1.69294100245874,-141.058020209613,-2422.98784737018,2702.77939381111,4120.37057326952,1.34405687575014,141.145387582708,171,11,0.151997875,-2453.13306529805,2656.57220838326,55.1709901042464,1
0.0562405768184433,-0.0151857421935344,-66.8803800137258,-0.243614899084816,0.654749371309444,-66.8873612504838,2569.9895843508,302.079667295627,4099.04626613488,0.443485710239275,66.8910851123219,38,20,0.191174791666667,2607.28394018505,267.486587415572,50.8679678449976,1
-1.08443061485176,0.471868694819998,-121.712249301934,-0.823100303943583,0.773560358543946,-121.778544970564,671.658878108886,-2164.52030548062,4157.50513128512,0.220293314694371,121.787055135567,14,11,0.145078208333333,642.239343997166,-2174.34206838373,31.0157381642873,1
-0.00188006687373843,-0.109918470410413,-8.55449025197876,0.584216701611475,-0.192475344867975,-8.3864930910544,1335.47764126019,2331.44445370667,4110.516970874,0.653220206223756,8.45555645448273,31,8,0.156733375,1321.70820625277,2289.96702656624,43.7032527692546,1
-0.0712063384773294,0.525653195606679,-47.8750533208213,-0.342246399575248,1.08777734356661,-47.5251950304798,2195.46696506605,2049.32613808004,4054.20561768252,9000000,9000047.87505332,2147483647,0,0.0883461666666667,9000000,9000000,9000000,0
-2.98607045646834,-0.943733235313115,132.981236545359,-2.54601744066048,-0.633598626664276,132.660531503739,2233.35046878693,-2752.48866963858,4057.34171959872,0.299617392327323,132.682340168678,37,10,0.139438416666667,2241.79893244518,-2714.15436789203,39.2542383518054,1
0.548172248936101,0.360307124201921,149.170771464112,0.890008025935139,0.765262067098788,149.095157457017,1147.90575554577,930.821805138314,4129.78034961738,0.568991458413318,149.090518513437,17,6,0.173057625,1133.29809235404,969.512177799824,41.3561211987972,1
-0.0269180430731268,-0.141073401443244,88.7663607169698,0.488301024543277,-0.260790663723183,88.812909323197,-2038.75252886894,-2429.14921425975,4090.35353930431,0.291091891125086,88.7985616653562,48,10,0.132328666666667,-2001.04974885932,-2439.64156359644,39.1355211420096,1
-0.569775671972941,-0.862828281124812,175.412522585577,-0.398809988785364,-0.907314473991279,174.854120330871,-1066.58797670687,-2731.96387549917,4060.0534476692,0.176884665094675,174.751779670589,4,9,0.150808125,-1062.42457373829,-2720.01024257794,12.6579328602437,1
-0.820447592515176,-0.0934881756768638,-99.4063902684395,-1.06642846121196,-0.0877168370190069,-99.4901236758775,2669.7068886024,1179.49011338926,4097.33257971629,0.164980553927464,99.1809271521921,6,11,0.157833791666667,2687.6833208203,1177.16580501666,18.1260730632895,1
-2.52840881672737,1.18207395024498,41.7165876437169,-2.94859282226492,0.637523134711454,41.7487455242335,-2275.79055527926,2493.63715375222,4072.71710198113,1.18454187077741,41.7321929384406,123,13,0.17064075,-2333.56447869846,2489.54872057188,57.9184039241275,1
2.24662202932831,0.549691364341786,-6.89473526452227,2.71095041242321,0.502242943704405,-7.6039971629497,-1464.73225379248,2005.47795235688,4118.23611235257,0.140569482599215,7.84347519152485,16,11,0.180066166666667,-1473.7840715959,1971.5300978915,35.1339184883909,1
-0.152844494193016,-0.482459209363458,179.346002152648,-0.130980059062407,-0.589347757718502,179.490481344016,-2820.22450301763,-207.925847468055,4159.44968284485,0.0626720964732274,179.500560772599,14,11,0.172981833333333,-2812.19444872775,-206.929753545098,8.0915990386211,1
-2.64781659876787,1.03216846039639,-46.6530277143118,-2.47836874772835,1.33409355139163,-46.8505336208429,-1289.63421390355,-2179.78295421435,4059.94907646119,0.0810229039662684,46.789462427429,3,7,0.143363166666667,-1283.49726317304,-2203.57572338851,24.5714881365264,1
-1.31281331956938,0.763950074388063,147.930366440021,-1.30868083678297,1.04323752613935,147.624320576991,2193.96841721808,-1105.28772263528,4095.37685557646,0.275558684405393,147.049672023973,40,21,0.158433125,2178.08591196005,-1093.05737643168,20.0458310262037,1
-0.909078203910866,-0.313756517372927,-139.20360525342,-1.47137978435799,-0.243444694096419,-138.799384200394,-1042.46655326673,127.025828058871,4137.68622292531,0.270196110338367,138.781944047995,42,23,0.162183833333333,-1020.67852111034,91.1350727023799,41.9864819353459,1
-0.108455819207502,-0.0182988015725054,78.9008432464079,0.156185592197674,-0.0230047055469907,78.7145323359644,715.004114638116,2386.34890757304,4082.86394974627,0.161318657825153,78.765039938924,10,7,0.140115541666667,734.745593163198,2382.46369302002,20.1201606971545,1
0.0061114477195457,0.470425469024431,-16.8940920844882,-0.249921436806885,0.754435585512282,-17.3664358442783,-1377.77540398386,71.199495972794,4097.37337893956,0.306472907953779,17.2137404245548,20,11,0.171644333333333,-1352.37924065974,83.2791076249308,28.122626642119,1
2.92860570367313,-2.02405250753438,37.5909834072853,2.85937837424498,-1.96431683030336,37.6353280386202,-1558.03830018006,-1065.59360343915,4108.63761340632,0.443377617160306,37.6418201995438,32,12,0.164333916666667,-1555.92487710273,-1060.35547690028,5.64840922215808,1
-0.792409571852837,-1.50556448446636,-67.792736981441,-0.351804791963886,-1.23838136536886,-67.2554382468874,1627.93803696834,-1448.32309099412,4066.1844976768,0.219642057693489,67.2230839000793,41,10,0.129136583333333,1604.40093391046,-1480.465143522,39.8385085195462,1
-0.529998354740374,0.216927297967409,135.659389914196,-0.498117433317797,0.325037872603734,135.472609314788,-405.314869674407,1966.58537904143,4128.09462263481,0.0716680628445626,135.484319301864,1,7,0.121847083333333,-409.42328566132,1973.41910249064,7.97363518740176,1
-1.75350205048878,-1.85639670891281,25.3739402147087,-1.57060159122243,-2.04122514241115,25.4556988461245,-1819.50585159282,-516.491962599075,4119.73488678681,3.3497816634748,25.4758224998937,1159,14,0.138440416666667,-1831.06112005935,-527.160894922513,15.7273756951329,1
0.18669187684795,0.194228144555036,-70.0457071748053,0.685714634892665,0.782301813314738,-70.1350203849268,492.358341057135,1993.62063438987,4125.06482715923,0.830027676714716,70.106932722093,177,11,0.149701666666667,473.139414406952,1941.6580407185,55.4028725125423,1
-1.85398361756612,-0.656822538610236,61.5820045892907,-2.26952922675785,-0.707705505234683,61.3760738494947,1482.43289164088,1697.08876682764,4116.14537621785,9000000,8999938.41799541,2147483647,0,0.092842375,9000000,9000000,9000000,0
2.65943946033725,-3.2149624893031,151.401344682404,2.68784901097157,-3.68643011675078,151.014320720166,332.923504034671,2992.96840111177,4052.10233997176,0.129524863783109,152.716347534713,4,7,0.172691625,364.503465144901,2980.25254800085,34.0438961351686,1
0.935006176762234,0.334217423108961,-163.533512335694,0.561855398095515,0.0242157723251566,-163.648237767301,2734.63180216028,851.075783156488,4072.967547353,0.241206674873556,163.441198333525,8,11,0.166702041666667,2762.96231332188,832.732509394698,33.7504600706066,1
0.414459318466319,-1.63900813902436,-148.462141281707,0.105621360147859,-1.27275146131683,-148.520532100327,-1615.34819289623,550.183770495763,4100.47032761049,0.284278148188388,149.202610192146,50,26,0.158537916666667,-1626.23308548305,517.246807514368,34.6889667915367,1
-0.262086281553498,1.51720838117085,131.005965858917,0.0536804095474534,1.06016094416078,130.691971458118,755.629572002834,1530.5595993679,4038.49541867021,0.305466607700204,131.05865406044,44,12,0.145555041666667,797.689557618868,1521.71080321227,42.9807350265789,1
0.260433215755128,0.224838254448947,-113.548953725151,0.319814209719895,0.836857362344128,-114.042471055924,1081.32853502463,1584.48063948201,4154.67950464058,0.372607826895137,114.040114442366,9,8,0.183553833333333,1059.50405524327,1545.85208406407,44.3674792094754,1
-0.806412238462237,0.963719993953642,176.889095232257,-0.852228230928909,1.01941659632368,176.786173665233,-560.333663072926,2018.83074047471,4035.26043559908,0.292570512007632,176.781737735579,6,10,0.15345625,-564.426295727617,2015.30172668141,5.40403371561626,1
0.178592137117136,2.06947586074535,-91.2707201613458,0.230668960616697,2.75418030074887,-91.5166545795479,2673.90157498146,-772.731036704626,4121.7793750174,0.44313156205408,91.6756728729418,65,16,0.16188925,2671.41211231837,-819.816595653084,47.1513232671115,1
0.27402421651419,1.07034517937981,120.377626907091,0.233828675027,1.23795916898415,120.215353923094,-269.381042681267,-1760.39370969043,4050.20287454375,0.238157091912661,120.264453413939,6,11,0.128947291666667,-278.014882150195,-1751.58492513706,12.3344180763833,1
-0.358524296752946,-0.607982959539577,144.450594468732,-0.230251293529862,-0.678976720087,144.623465975897,2681.21729270629,-2054.36029958081,4125.58251401413,0.108736332204469,144.504703055425,12,13,0.146144041666667,2691.08341375814,-2049.72891186076,10.8990869719936,1
0.294049921926207,1.02577412242912,-101.381499616852,0.246444099722071,1.25684016045924,-102.222884422998,165.311270515099,-1472.68115805909,4161.09691703882,25.3370867758733,225.970400183666,42609,3,0.161891875,1783.04335252826,-2573.71085876002,1956.86573146964,0
0.464106127244099,-0.719213310391825,-149.296579601551,1.11061350284486,-0.810512476480888,-149.589381479612,2577.34651827718,2224.49182337277,4053.15743151093,3.63975473046187e-13,149.339929342256,1,4,0.15636325,2569.42763932693,2267.15490606354,43.3917880307836,1
0.000249706877709988,2.31948299633213,86.4939598243951,-0.473910219518766,2.20632561324734,87.0572279994566,-933.597215534872,-326.183885591561,4043.04238893365,0.371535412287796,86.8959003091378,81,23,0.154797875,-968.367693921747,-330.622825950142,35.0526797657357,1
-0.746245565996058,0.308530153974299,174.956199593849,-0.980225058429819,-0.129395113529996,175.235662489826,1565.18159634611,-1043.74276271487,4147.27804199836,0.322384283809504,175.195174581583,21,13,0.184430916666667,1595.98392127098,-1062.80621342195,36.2242787870016,1
-0.995146923014766,-1.54042142092682,66.247260937553,-0.898044933614457,-1.86115988707942,66.5550974194399,-1811.54393428123,-2507.56590982393,4069.75443528623,0.241203052089358,66.4118335086316,5,9,0.14258925,-1814.32308959676,-2531.44997983188,24.0452179115268,1
2.52880314384099,1.38928451148762,48.79451935282,1.83131348688453,1.26495265540684,49.6439620399263,1342.92786127537,2441.44481212684,4086.77786170333,0.201450499050771,49.7079126355009,15,8,0.108728125,1298.37885353668,2467.97869421517,51.8522997482192,1
0.558045584400133,0.386423731298012,-140.588121279032,0.865887175678327,0.329204837809082,-141.026263815955,1945.26739426631,-2046.60319731174,4164.82089348872,0.488158877630759,141.046797292542,31,12,0.158992958333333,1934.39297460039,-2024.57027590775,24.5703607760443,1
0.823292852856682,-0.744487025021925,-46.4227388191082,0.966090838143138,-0.423827807933532,-46.5192404362824,898.50483173726,1894.26767666398,4128.74706823682,0.385536021466503,46.7263805553374,7,7,0.117647833333333,907.920962242882,1870.13763985806,25.9021657386746,1
0.0415912462576955,-0.303075997262524,159.553365733812,-0.50733829526294,-0.813721278893355,159.593441349593,112.475195382477,-1490.96002715363,4036.61981630093,0.200545314250526,159.659250316547,13,14,0.126059333333333,132.040023035304,-1537.74490416099,50.7110165317019,1
1.21737346069087,0.39377810251063,-85.405220030134,1.15000346265132,0.17466984050588,-85.2200338369647,1657.39291847011,-656.303809392376,4054.33653970014,0.140074509022059,85.0055246651115,16,16,0.178946583333333,1661.05039062663,-639.947340485007,16.7604050575595,1
1.18687853947918,2.46663165219122,82.0887088076932,1.53160169972933,2.41577098824055,81.8425770507462,1911.34631373623,-1392.3897636926,4143.26451759429,0.280500871564854,81.8336846807213,14,13,0.177891125,1935.59626494291,-1399.51941442902,25.2763140736471,1
-1.68069116067771,0.0977674895080335,-71.6123308695436,-2.08705088535259,-0.0623592157929539,-71.683211776065,-530.801776866281,829.706456466508,4107.38327960335,0.642797855935511,71.7311827596286,36,16,0.142361125,-505.052921919251,852.996261578423,34.7191381407166,1
0.451406453273101,1.45112061379958,100.502891547356,0.6016987287363,1.68432704957293,100.536850892,-1056.72978018792,-1459.88268509348,4121.64730953883,0.297088548824327,100.754791288882,10,10,0.0924186666666667,-1048.34603689037,-1442.86549201971,18.9702928756869,1
-2.4033847851267,0.836442721174677,72.1399134333691,-2.16989210992714,0.362837222879269,72.1355881006284,208.345337626753,908.692316062034,4136.08102815145,0.0620732641578895,72.4277684828953,33,15,0.153447875,213.577614363953,870.369357959176,38.6784932179127,1
0.0057535555164678,0.023911013862387,171.67966037666,-0.226210609943144,-0.271695637578545,171.379960724094,-1005.80405028404,-1980.11243857807,4159.58152898192,0.220822016553545,171.417867546941,6,7,0.139770041666667,-985.598473139499,-1999.27541471609,27.8475313485898,1
-0.994039447768698,-0.176802777521064,142.236424935739,-1.06833392260287,-0.539454242427662,142.674670549937,1646.26265151493,1266.42499007318,4064.34583326389,102.765378407986,243.936711168173,10561,1,0.195554708333333,-880.548458201534,-363.438730813628,3006.86383676573,0
