A_x,A_y,A_radius,B_x,B_y,B_radius,C_x,C_y,C_radius,a,b,c,alpha,beta,gamma
-1255.00047154718,1562.42486228052,44.1309624608869,-1076.7242732007,1506.13321752583,35.0925744217363,-919.138749824142,1456.48529884986,76.3156034479962,165.221406018468,352.173660597499,186.952272428183,0.0171488802439601,179.963446720364,0.0194043993650138
1635.28886088091,-1089.31819449153,89.3291914169136,1610.38923877919,-933.59292076467,52.8042291636361,1435.40058405291,-897.657426344331,31.5407414177051,178.640390287716,276.92810124659,157.703367301126,37.1193771391115,110.689249856787,32.1913730041018
-267.490716931543,1056.95767054631,50.4935701424393,-247.605232908143,1062.09833832431,36.0919159490389,-135.748270981517,978.358767078473,45.5657958929935,139.729366004041,153.407495551038,20.5392049517176,45.3151532054277,128.685926810118,5.99891998445456
1495.95797227388,1225.7708578732,39.5216021555485,1503.87763020808,1261.03126374962,26.5885695525556,1636.46021212351,1096.30226952532,54.8717599294928,211.456337255498,191.057569260042,36.1388600313377,120.000804101069,51.4877766176053,8.51141928132583
56.8167040524824,1102.29215159478,37.5276435154214,106.18292963223,1107.66490517014,28.0179951848193,-135.748270981517,978.358767078473,45.5657958929935,274.31876198793,228.99946158782,49.6577356408049,153.446285133613,21.9120660540862,4.64164881230096
38.0945185491335,1468.49905679613,43.7047469319576,-153.40324888484,1583.8059891244,41.9126573908555,-207.470403316859,1385.69156344075,27.0803143711991,205.359642706005,259.15094405935,223.533182268657,49.6882264816741,74.2113034003973,56.1004701179286
1726.81854837254,-52.2946727107892,40.3990064646993,1601.82690272858,-86.6921071831178,30.8149221607337,1718.4832755035,-277.834150633108,33.9390046874656,223.928537893764,225.693448897555,129.638323728222,72.4966898185739,73.990553359996,33.5127568214301
-247.605232908143,1062.09833832431,36.0919159490389,-267.490716931543,1056.95767054631,50.4935701424393,-135.748270981517,978.358767078473,45.5657958929935,153.407495551038,139.729366004041,20.5392049517176,128.685926810118,45.3151532054277,5.99891998445456
438.351614659779,943.962925878217,62.4054407290487,342.368119440103,610.794900477332,35.6800549364515,106.18292963223,1107.66490517014,28.0179951848193,550.148384936293,370.31658528484,346.718566713856,100.16402214543,41.4952325000366,38.3407453545336
1192.67695213925,768.545269480922,36.5852898320266,1160.46901752525,759.112760532342,34.1964402067779,1245.4728980393,842.701277754927,27.9946668666849,119.217028623923,91.0303546440158,33.5607401164627,141.772609937595,28.1956532683673,10.0317367940373
-947.677861423907,1182.59833967096,56.9410798911111,-967.756858689351,1055.25761980198,36.1225992959438,-971.306041649146,1330.12598431954,31.0220954063427,274.891277621245,149.407820532642,128.914021998911,161.94014340965,9.70036280656622,8.35949378378336
-135.748270981517,978.358767078473,45.5657958929935,-247.605232908143,1062.09833832431,36.0919159490389,-267.490716931543,1056.95767054631,50.4935701424393,20.5392049517176,153.407495551038,139.729366004041,5.99891998445456,128.685926810118,45.3151532054277
1513.32032843562,1561.33090905967,37.4317932619679,1503.87763020808,1261.03126374962,26.5885695525556,1495.95797227388,1225.7708578732,39.5216021555485,36.1388600313377,336.008927506031,300.44806793048,1.16089452834448,169.142197782975,9.69690768868061
-1076.7242732007,1506.13321752583,35.0925744217363,-919.138749824142,1456.48529884986,76.3156034479962,-1255.00047154718,1562.42486228052,44.1309624608869,352.173660597499,186.952272428183,165.221406018468,179.963446720364,0.0194043993650138,0.0171488802439601
-967.756858689351,1055.25761980198,36.1225992959438,-947.677861423907,1182.59833967096,56.9410798911111,-971.306041649146,1330.12598431954,31.0220954063427,149.407820532642,274.891277621245,128.914021998911,9.70036280656622,161.94014340965,8.35949378378336
-1086.76556725973,766.122635463462,43.7939851296889,-1101.69712215307,587.273169785292,30.946475256667,-1126.88866182587,541.546503581465,29.9847800498674,52.2067205750607,228.13220230525,179.471676609151,5.35730008460413,155.921308991456,18.7213909239397
361.397769854929,1322.99042884099,31.3670465388922,453.250037215504,1424.25698245574,41.839679144097,106.18292963223,1107.66490517014,28.0179951848193,469.772413585803,333.915701658403,136.717789260533,172.363542366659,5.42004188436708,2.21641574897312
-919.138749824142,1456.48529884986,76.3156034479962,-971.306041649146,1330.12598431954,31.0220954063427,-1076.7242732007,1506.13321752583,35.0925744217363,205.162252094264,165.221406018468,136.704435571519,85.0540075036758,53.3524129547413,41.5935795415829
453.250037215504,1424.25698245574,41.839679144097,361.397769854929,1322.99042884099,31.3670465388922,38.0945185491335,1468.49905679613,43.7047469319576,354.538789294325,417.506246445588,136.717789260533,53.8737924645544,107.978104354801,18.1481031806446
1644.82671713036,906.435268992074,56.1224134749936,1636.46021212351,1096.30226952532,54.8717599294928,1609.93375466123,618.040984027864,35.9221912729391,478.99635713769,290.497474050791,190.051246503466,170.578177520122,5.6977322286661,3.72409025121194
106.18292963223,1107.66490517014,28.0179951848193,56.8167040524824,1102.29215159478,37.5276435154214,-135.748270981517,978.358767078473,45.5657958929935,228.99946158782,274.31876198793,49.6577356408049,21.9120660540862,153.446285133613,4.64164881230096
-536.464586820842,754.129871664892,32.8271350550392,-437.50074701721,643.314213038005,40.5671561443846,-705.695488286229,684.969526855667,28.3432059260076,271.410361654827,182.817535550938,148.57305201681,109.537843400515,39.4050846983705,31.057071901115
-207.470403316859,1385.69156344075,27.0803143711991,-150.619566064215,1229.74744152571,32.247385683892,-153.40324888484,1583.8059891244,41.9126573908555,354.069490379699,205.359642706005,165.983694549132,144.705421903002,19.5793211866611,15.7152569103367
-1636.07131569935,787.541943425313,40.0652751212328,-1086.76556725973,766.122635463462,43.7939851296889,-1126.88866182587,541.546503581465,29.9847800498674,228.13220230525,565.491583871598,549.723195819838,23.5530097341717,82.1033575578524,74.3436327079759
1636.46021212351,1096.30226952532,54.8717599294928,1644.82671713036,906.435268992074,56.1224134749936,1495.95797227388,1225.7708578732,39.5216021555485,352.330982914076,191.057569260042,190.051246503466,135.182746933496,22.4710104983322,22.3462425681717
-971.306041649146,1330.12598431954,31.0220954063427,-919.138749824142,1456.48529884986,76.3156034479962,-947.677861423907,1182.59833967096,56.9410798911111,275.369837308243,149.407820532642,136.704435571519,148.467502725853,16.4844531466745,15.048044127473
1503.87763020808,1261.03126374962,26.5885695525556,1495.95797227388,1225.7708578732,39.5216021555485,1636.46021212351,1096.30226952532,54.8717599294928,191.057569260042,211.456337255498,36.1388600313377,51.4877766176053,120.000804101069,8.51141928132583
1715.78978801708,288.586092317904,29.7303048572225,1406.43072718817,343.674140497589,32.2564421713623,1726.81854837254,-52.2946727107892,40.3990064646993,509.352193474141,341.059129069323,314.22559025196,101.949998652295,40.9259379892328,37.1240633584721
-153.40324888484,1583.8059891244,41.9126573908555,-207.470403316859,1385.69156344075,27.0803143711991,38.0945185491335,1468.49905679613,43.7047469319576,259.15094405935,223.533182268657,205.359642706005,74.2113034003973,56.1004701179286,49.6882264816741
1718.4832755035,-277.834150633108,33.9390046874656,1502.61144722533,-307.540870622685,38.408076773052,1601.82690272858,-86.6921071831178,30.8149221607337,242.111302758676,223.928537893764,217.906253826499,66.4391803917634,57.9727662298792,55.5880533783573
1245.4728980393,842.701277754927,27.9946668666849,1192.67695213925,768.545269480922,36.5852898320266,1160.46901752525,759.112760532342,34.1964402067779,33.5607401164627,119.217028623923,91.0303546440158,10.0317367940373,141.772609937595,28.1956532683673
-150.619566064215,1229.74744152571,32.247385683892,-207.470403316859,1385.69156344075,27.0803143711991,-247.605232908143,1062.09833832431,36.0919159490389,326.07266044178,193.681288144712,165.983694549132,129.9206660047,27.0999949390993,22.9793390562007
1200.54968907387,-1314.50221278927,70.5965091024262,1387.44147576836,-1581.01598762568,38.6473750897175,857.811431932275,-1293.14333468467,42.748815229282,602.808964469764,343.403137117798,325.512107472843,128.60588130965,26.434441096146,24.9596775942038
-899.770731611611,274.12409349626,45.0490374210242,-831.22181523322,381.87455382186,66.8690293220807,-966.336068790715,471.210781334458,41.605001251477,161.977847437795,208.024293381324,127.70714794807,51.1260057804798,91.0084997302333,37.8654944892869
-831.22181523322,381.87455382186,66.8690293220807,-899.770731611611,274.12409349626,45.0490374210242,-966.336068790715,471.210781334458,41.605001251477,208.024293381324,161.977847437795,127.70714794807,91.0084997302333,51.1260057804798,37.8654944892869
1339.11542579615,447.355109528482,39.6146051119366,1414.87694748403,485.418704089338,28.6305986811266,1406.43072718817,343.674140497589,32.2564421713623,141.995985665446,123.616718694048,84.7858797168276,83.6817443744001,59.9143525155253,36.4039031100746
1553.65596418875,-1711.12146512412,40.1802946798759,1387.44147576836,-1581.01598762568,38.6473750897175,1200.54968907387,-1314.50221278927,70.5965091024262,325.512107472843,531.028128113908,211.07982242732,10.2693418887189,163.092210493332,6.63844761794916
170.451359058683,400.571856449671,42.781211888449,173.021990718089,166.767637578956,36.044349324949,37.9293068432651,630.555781950574,37.812601922029,483.062600597657,265.433042992373,233.818350239825,150.678390355979,15.6099084982047,13.7117011458164
-224.833251056769,520.511798285393,38.8355635621087,-213.751429567299,457.061478019293,39.5762030838833,-437.50074701721,643.314213038005,40.5671561443846,291.12512492269,245.57666197576,64.4107903180448,129.910776477907,40.3184455908664,9.77077793122657
-986.482455178114,36.2601245395481,39.7037326329723,-854.183994428394,-13.4500778562553,42.6164496097409,-899.770731611611,274.12409349626,45.0490374210242,291.164995554235,253.176204908189,141.329356253317,90.5643619321925,60.3989785039593,29.0366595638482
-1429.50332574215,-968.674048651342,44.4012069109803,-1424.63588155156,-945.707456603988,43.2602233029244,-1294.25902201156,-827.846694512578,47.1381589433678,175.75347718973,195.252055982253,23.4767196008746,31.8754854664011,144.079569912014,4.04494462158496
-1451.8487957102,-1524.8923648805,39.4192348234599,-1457.39050023206,-1522.09813433603,53.669242892424,-1330.0923344133,-1620.56170959969,45.050462692855,160.934454591063,154.845921439806,6.20630432248163,168.599830941803,10.9634218119826,0.436747246215118
-1326.97984386412,54.3082482482857,39.6435600562077,-1508.22674678436,102.822620436188,47.2278811038322,-1592.68399493098,-84.3075413706835,28.0147253480564,205.30641544376,299.68822637176,187.627514312174,42.535777074463,99.3059537018697,38.1582692236673
-854.183994428394,-13.4500778562553,42.6164496097409,-986.482455178114,36.2601245395481,39.7037326329723,-899.770731611611,274.12409349626,45.0490374210242,253.176204908189,291.164995554235,141.329356253317,60.3989785039593,90.5643619321925,29.0366595638482
-437.50074701721,643.314213038005,40.5671561443846,-536.464586820842,754.129871664892,32.8271350550392,-224.833251056769,520.511798285393,38.8355635621087,389.475921771359,245.57666197576,148.57305201681,161.770217636433,11.3760866781166,6.85369568545027
-1424.63588155156,-945.707456603988,43.2602233029244,-1429.50332574215,-968.674048651342,44.4012069109803,-1294.25902201156,-827.846694512578,47.1381589433678,195.252055982253,175.75347718973,23.4767196008746,144.079569912014,31.8754854664011,4.04494462158496
758.498253529048,-1561.88476049799,59.2347058473703,952.986807838441,-1689.74874878528,35.367386337384,511.164952596348,-1465.01870214017,72.0242522198649,495.691583179176,265.625290610751,232.755230356033,168.064984441232,6.3625103457203,5.57250521304781
342.368119440103,610.794900477332,35.6800549364515,170.451359058683,400.571856449671,42.781211888449,37.9293068432651,630.555781950574,37.812601922029,265.433042992373,305.079470059806,271.567856603646,54.4381088740744,69.2272449696789,56.3346461562467
-213.751429567299,457.061478019293,39.5762030838833,-224.833251056769,520.511798285393,38.8355635621087,-437.50074701721,643.314213038005,40.5671561443846,245.57666197576,291.12512492269,64.4107903180448,40.3184455908664,129.910776477907,9.77077793122657
1412.27093637034,642.790918145621,49.7825421752156,1414.87694748403,485.418704089338,28.6305986811266,1609.93375466123,618.040984027864,35.9221912729391,235.872480722648,199.206297524779,157.393789746931,81.9142686159242,56.7362867688694,41.3494446152064
1406.43072718817,343.674140497589,32.2564421713623,1339.11542579615,447.355109528482,39.6146051119366,1414.87694748403,485.418704089338,28.6305986811266,84.7858797168276,141.995985665446,123.616718694048,36.4039031100746,83.6817443744001,59.9143525155253
-1160.59228834653,-781.727457118287,68.1333917034734,-1278.24612326728,-817.715016803601,35.3464772974963,-1294.25902201156,-827.846694512578,47.1381589433678,18.9489793760284,141.399362609982,123.034667161996,2.02840101121625,164.685301338792,13.2862976499915
37.9293068432651,630.555781950574,37.812601922029,170.451359058683,400.571856449671,42.781211888449,-224.833251056769,520.511798285393,38.8355635621087,413.080515930831,284.875130846958,265.433042992373,97.2277856370327,43.1692567479051,39.6029576150622
1387.44147576836,-1581.01598762568,38.6473750897175,1553.65596418875,-1711.12146512412,40.1802946798759,1200.54968907387,-1314.50221278927,70.5965091024262,531.028128113908,325.512107472843,211.07982242732,163.092210493332,10.2693418887189,6.63844761794916
-1278.24612326728,-817.715016803601,35.3464772974963,-1294.25902201156,-827.846694512578,47.1381589433678,-1160.59228834653,-781.727457118287,68.1333917034734,141.399362609982,123.034667161996,18.9489793760284,164.685301338792,13.2862976499915,2.02840101121625
1502.61144722533,-307.540870622685,38.408076773052,1432.32307904851,-339.805661281061,27.87392266579,1718.4832755035,-277.834150633108,33.9390046874656,292.793658003632,217.906253826499,77.3399729582901,163.178658897973,12.4373478237006,4.38399327832634
-138.734314226601,20.452705478321,57.8634778883919,173.021990718089,166.767637578956,36.044349324949,-487.340369660472,-132.355196912652,34.3136842202334,724.95028596383,380.626374438625,344.383584144744,178.527926425884,0.772832820619528,0.699240753496007
857.811431932275,-1293.14333468467,42.748815229282,876.746488710073,-1025.21322525354,38.5650098075979,758.498253529048,-1561.88476049799,59.2347058473703,549.544340217477,286.504906332732,268.59836171309,163.760713361655,8.38333286020186,7.85595377814359
-1508.22674678436,102.822620436188,47.2278811038322,-1326.97984386412,54.3082482482857,39.6435600562077,-1592.68399493098,-84.3075413706835,28.0147253480564,299.68822637176,205.30641544376,187.627514312174,99.3059537018697,42.535777074463,38.1582692236673
-487.340369660472,-132.355196912652,34.3136842202334,-586.368347493621,-248.82667469068,41.5542328501931,-138.734314226601,20.452705478321,57.8634778883919,522.386458786118,380.626374438625,152.879513112517,154.042061081607,18.5981959296248,7.35974298876774
-1614.06320788279,-227.973141486853,60.9307284767716,-1592.68399493098,-84.3075413706835,28.0147253480564,-1460.06219912686,-221.28840635148,26.7307082708394,190.662786335449,154.146022918771,145.247634759324,79.0503143131002,52.5378972726181,48.4117884142817
1601.82690272858,-86.6921071831178,30.8149221607337,1726.81854837254,-52.2946727107892,40.3990064646993,1718.4832755035,-277.834150633108,33.9390046874656,225.693448897555,223.928537893764,129.638323728222,73.990553359996,72.4966898185739,33.5127568214301
-1002.08254914282,536.621861088263,79.1236230093118,-966.336068790715,471.210781334458,41.605001251477,-1101.69712215307,587.273169785292,30.946475256667,178.306177067085,111.752486454379,74.5413993169036,145.608250991849,20.7331316515936,13.6586173565572
822.415951837287,514.101653886327,43.543476977662,1041.21843083963,206.07681142813,29.9925865286569,1160.46901752525,759.112760532342,34.1964402067779,565.746819192526,417.504871349946,377.827776095098,90.5458007487303,47.5560375673705,41.8981616838992
1065.08976946909,11.1679966497034,32.1701229458591,951.807850053453,-106.660228852706,30.0691882785353,1041.21843083963,206.07681142813,29.9925865286569,325.267133784123,196.365187562086,163.451166993502,129.144462315105,27.9179717971975,22.9375658876971
-1457.39050023206,-1522.09813433603,53.669242892424,-1451.8487957102,-1524.8923648805,39.4192348234599,-1330.0923344133,-1620.56170959969,45.050462692855,154.845921439806,160.934454591063,6.20630432248163,10.9634218119826,168.599830941803,0.436747246215118
-1294.25902201156,-827.846694512578,47.1381589433678,-1278.24612326728,-817.715016803601,35.3464772974963,-1160.59228834653,-781.727457118287,68.1333917034734,123.034667161996,141.399362609982,18.9489793760284,13.2862976499915,164.685301338792,2.02840101121625
1609.93375466123,618.040984027864,35.9221912729391,1412.27093637034,642.790918145621,49.7825421752156,1414.87694748403,485.418704089338,28.6305986811266,157.393789746931,235.872480722648,199.206297524779,41.3494446152064,81.9142686159242,56.7362867688694
-966.336068790715,471.210781334458,41.605001251477,-1002.08254914282,536.621861088263,79.1236230093118,-831.22181523322,381.87455382186,66.8690293220807,230.521407895947,161.977847437795,74.5413993169036,152.128438354028,19.1769464951827,8.69461515078947
173.021990718089,166.767637578956,36.044349324949,375.481003999108,158.513553656047,37.0265456876122,170.451359058683,400.571856449671,42.781211888449,317.221337957784,233.818350239825,202.627199457847,92.964538417857,47.399929703234,39.6355318789091
1435.40058405291,-897.657426344331,31.5407414177051,1610.38923877919,-933.59292076467,52.8042291636361,1313.60084398029,-711.742342580215,26.7924319568978,370.541536575975,222.260196735214,178.640390287716,134.835131852712,25.1734053012123,19.9914628460757
876.746488710073,-1025.21322525354,38.5650098075979,857.811431932275,-1293.14333468467,42.748815229282,1200.54968907387,-1314.50221278927,70.5965091024262,343.403137117798,434.208050219345,268.59836171309,52.2645474936515,89.5235013156377,38.2119511907108
952.986807838441,-1689.74874878528,35.367386337384,758.498253529048,-1561.88476049799,59.2347058473703,857.811431932275,-1293.14333468467,42.748815229282,286.504906332732,407.865427160475,232.755230356033,43.1832192993526,103.040651409531,33.7761292911162
1432.32307904851,-339.805661281061,27.87392266579,1502.61144722533,-307.540870622685,38.408076773052,1335.31616937473,-532.014520267851,26.6197806817317,279.957370640836,215.301151872118,77.3399729582901,141.436622682065,28.6468879525441,9.91648936539134
-1167.73229114871,-1433.51341846587,37.6530631781986,-1330.0923344133,-1620.56170959969,45.050462692855,-1451.8487957102,-1524.8923648805,39.4192348234599,154.845921439806,298.449828299644,247.684975048875,31.2125633178802,92.8000916250516,55.9873450570682
1414.87694748403,485.418704089338,28.6305986811266,1339.11542579615,447.355109528482,39.6146051119366,1406.43072718817,343.674140497589,32.2564421713623,123.616718694048,141.995985665446,84.7858797168276,59.9143525155253,83.6817443744001,36.4039031100746
-1101.69712215307,587.273169785292,30.946475256667,-1126.88866182587,541.546503581465,29.9847800498674,-1002.08254914282,536.621861088263,79.1236230093118,124.903234012335,111.752486454379,52.2067205750607,91.8989586219204,63.408564063282,24.6924773147976
-1471.96482693329,-681.863882264841,59.3231268220239,-1294.25902201156,-827.846694512578,47.1381589433678,-1278.24612326728,-817.715016803601,35.3464772974963,18.9489793760284,236.606143000362,229.978987245874,4.36139434552162,108.275031965228,67.3635736892503
-705.695488286229,684.969526855667,28.3432059260076,-536.464586820842,754.129871664892,32.8271350550392,-437.50074701721,643.314213038005,40.5671561443846,148.57305201681,271.410361654827,182.817535550938,31.057071901115,109.537843400515,39.4050846983705
1160.46901752525,759.112760532342,34.1964402067779,1192.67695213925,768.545269480922,36.5852898320266,1245.4728980393,842.701277754927,27.9946668666849,91.0303546440158,119.217028623923,33.5607401164627,28.1956532683673,141.772609937595,10.0317367940373
1313.60084398029,-711.742342580215,26.7924319568978,1335.31616937473,-532.014520267851,26.6197806817317,1435.40058405291,-897.657426344331,31.5407414177051,379.093161143178,222.260196735214,181.034928867694,139.880456236919,22.1974158576367,17.9221279054445
-1126.88866182587,541.546503581465,29.9847800498674,-1101.69712215307,587.273169785292,30.946475256667,-1002.08254914282,536.621861088263,79.1236230093118,111.752486454379,124.903234012335,52.2067205750607,63.408564063282,91.8989586219204,24.6924773147976
-1460.06219912686,-221.28840635148,26.7307082708394,-1614.06320788279,-227.973141486853,60.9307284767716,-1592.68399493098,-84.3075413706835,28.0147253480564,145.247634759324,190.662786335449,154.146022918771,48.4117884142817,79.0503143131002,52.5378972726181
531.772925575131,-39.3695401998211,26.1240413864069,375.481003999108,158.513553656047,37.0265456876122,173.021990718089,166.767637578956,36.044349324949,202.627199457847,413.756896405849,252.160432232926,21.8160916498085,130.63697431999,27.5469340302012
-1330.0923344133,-1620.56170959969,45.050462692855,-1451.8487957102,-1524.8923648805,39.4192348234599,-1457.39050023206,-1522.09813433603,53.669242892424,6.20630432248163,160.934454591063,154.845921439806,0.436747246215118,168.599830941803,10.9634218119826
-1592.68399493098,-84.3075413706835,28.0147253480564,-1614.06320788279,-227.973141486853,60.9307284767716,-1460.06219912686,-221.28840635148,26.7307082708394,154.146022918771,190.662786335449,145.247634759324,52.5378972726181,79.0503143131002,48.4117884142817
951.807850053453,-106.660228852706,30.0691882785353,1065.08976946909,11.1679966497034,32.1701229458591,1041.21843083963,206.07681142813,29.9925865286569,196.365187562086,325.267133784123,163.451166993502,27.9179717971975,129.144462315105,22.9375658876971
1325.28394056871,186.61418874631,31.6917192297535,1406.43072718817,343.674140497589,32.2564421713623,1339.11542579615,447.355109528482,39.6146051119366,123.616718694048,261.107521442665,176.784132270909,24.287130385806,119.682538353683,36.0303312605105
1610.38923877919,-933.59292076467,52.8042291636361,1635.28886088091,-1089.31819449153,89.3291914169136,1435.40058405291,-897.657426344331,31.5407414177051,276.92810124659,178.640390287716,157.703367301126,110.689249856787,37.1193771391115,32.1913730041018
-1144.77739982994,-1128.22615032124,28.5713207457773,-1285.94885012501,-1111.537367923,42.2448833079288,-1167.73229114871,-1433.51341846587,37.6530631781986,342.992320525375,306.149053773922,142.154471742359,92.4419686580454,63.0967998664268,24.4612314755277
-1285.94885012501,-1111.537367923,42.2448833079288,-1144.77739982994,-1128.22615032124,28.5713207457773,-1429.50332574215,-968.674048651342,44.4012069109803,326.382790652091,202.528554685574,142.154471742359,141.880271384775,22.5229872459328,15.5967413692918
1041.21843083963,206.07681142813,29.9925865286569,1065.08976946909,11.1679966497034,32.1701229458591,1325.28394056871,186.61418874631,31.6917192297535,313.819013119692,284.731465593982,196.365187562086,79.0980384181922,62.9911184198061,37.9108431620017
375.481003999108,158.513553656047,37.0265456876122,173.021990718089,166.767637578956,36.044349324949,531.772925575131,-39.3695401998211,26.1240413864069,413.756896405849,252.160432232926,202.627199457847,130.63697431999,27.5469340302012,21.8160916498085
1335.31616937473,-532.014520267851,26.6197806817317,1313.60084398029,-711.742342580215,26.7924319568978,1432.32307904851,-339.805661281061,27.87392266579,390.425234834305,215.301151872118,181.034928867694,160.109412257815,10.8138133815481,9.07677436063692
-193.988112564516,-774.665052339652,85.9336074140838,-586.368347493621,-248.82667469068,41.5542328501931,296.589232237293,-1264.76155981019,46.6643135522324,1346.00809002289,693.441214428168,656.100791168188,171.702181715746,4.26390605384562,4.03391223040809
296.589232237293,-1264.76155981019,46.6643135522324,511.164952596348,-1465.01870214017,72.0242522198649,758.498253529048,-1561.88476049799,59.2347058473703,265.625290610751,549.219573884316,293.505813948851,10.2719651598075,158.364252276044,11.3637825641485
-845.354949060801,-432.461918212582,39.2751619235736,-927.694971497242,-611.1653487244,39.4709243356204,-586.368347493621,-248.82667469068,41.5542328501931,497.788287281073,317.483798727849,196.760756685691,150.077190370496,18.5510807464303,11.3717288830736
511.164952596348,-1465.01870214017,72.0242522198649,758.498253529048,-1561.88476049799,59.2347058473703,296.589232237293,-1264.76155981019,46.6643135522324,549.219573884316,293.505813948851,265.625290610751,158.364252276044,11.3637825641485,10.2719651598075
-927.694971497242,-611.1653487244,39.4709243356204,-845.354949060801,-432.461918212582,39.2751619235736,-1160.59228834653,-781.727457118287,68.1333917034734,470.4901664722,288.673852323631,196.760756685691,150.955670356772,17.3300030250529,11.7143266181754
-586.368347493621,-248.82667469068,41.5542328501931,-487.340369660472,-132.355196912652,34.3136842202334,-845.354949060801,-432.461918212582,39.2751619235736,467.160018872108,317.483798727849,152.879513112517,165.710973986888,9.65617476902592,4.6328512440858
