Rot_act_X,Rot_act_Y,Rot_act_Z,Rot_est_X,Rot_est_Y,Rot_est_Z,ACT_PosX,ACT_PosY,ACT_PosZ,Distance_err,Direction_err,Cost,Inliers,Time,EST_PosX,EST_PosY,EST_dist,Reliability,Initial_inliers,Origin3s_1,Origin3s_2,Origin2s_1,Origin2s_2,Inliers_ratio,Spread_1,Spread_2,Delta_origin,Rel
0.212391785428868,-0.892181624138721,45.3521612107016,0.0386670155483134,-0.820655029277786,47.995325054084,-4.45687483011125,1876.40291265247,4082.25548580897,4.15611276706764,48.0200295609363,,71,9.08109658333333,-9.75459728406173,1887.20912587462,12.034953568736,1,71,-9.75459728406173,1887.20912587462,-9.63353332140646,1887.13574373376,1,0.121063962655263,0.0733821408573476,0.141567728139582,0.570783864069791
-0.190018485103492,0.262696371432004,-65.5969685820962,0.0112248400652195,0.425272250158977,-64.2151522240193,-1127.40015714393,-1641.97426692953,4068.15930462594,6.4875633789794,64.2137699289611,,24,8.83795525,-1137.93472766368,-1655.23052313018,16.9323803551936,1,24,-1137.93472766368,-1655.23052313018,-1137.93472766368,-1655.23052313018,1,0,0,0,0.5
-0.118968190094947,1.19126366501762,-168.643259878279,0.150414584364542,1.31455762146356,-169.066906373162,-613.82458753214,1809.69187566095,4103.26386300784,1.32184277362195,169.032065033159,,76,8.61876254166667,-626.421920833972,1827.44574251512,21.769074270468,1,76,-626.421920833972,1827.44574251512,-626.327477191405,1827.31909827464,1,0.0944436425675121,0.126644240486257,0.157982167568878,0.578991083784439
0.531423679432581,-0.0456466114446894,-48.8134129450835,0.363695129017254,0.160724267079136,-50.9596715733595,1496.77105361536,2839.38989169752,4063.00117488983,9.4760826583847,50.9002082424526,,27,8.6236395,1514.93969141552,2831.2901587048,19.8923370689989,1,27,1514.93969141552,2831.2901587048,1513.27060732408,2831.2389824638,1,1.66908409143502,0.0511762409987568,1.66986847144446,1.33493423572223
0.604934355155384,-1.95019411324577,-161.420660852833,0.233004200139875,-1.46275729880761,-163.271381833037,85.8103656625508,977.578854845706,4087.58109182993,2.56139966032987,163.24422876531,,40,9.12603620833333,61.6454435511557,939.445472219097,45.1453024266887,1,40,61.6454435511557,939.445472219097,62.0980905153608,939.001377899718,1,0.452646964205101,0.444094319379019,0.634120681502195,0.817060340751097
2.11451620238243,0.117091459089379,-136.237773998984,1.95917699207645,0.0379853032648489,-136.7472099003,-1559.46519657593,-1497.21820618162,4053.97983467601,7.19521129483701,136.797589274177,,6,9.28250641666667,-1555.74393253687,-1494.35429553158,4.69572041968191,1,6,-1555.74393253687,-1494.35429553158,-1555.74393253687,-1494.35429553158,1,0,0,0,0.5
-0.644753381050216,0.624433656117159,-159.869933754203,-0.116830407059537,0.65524084639904,-160.984777189584,1153.61155921022,1116.12825664731,4138.33892162721,5.71645070658277,161.03569815223,,20,9.033608375,1144.48399994863,1148.42275009803,33.5595984080962,1,20,1144.48399994863,1148.42275009803,1144.48399994863,1148.42275009803,1,0,0,0,0.5
0.129200447574646,-0.160019853663996,-73.1230544809969,0.0125471559829291,-0.111708282847664,-74.0864547045491,627.330547931182,2364.38226002004,4155.42263244741,8.92125152591977,73.9113329133857,,11,8.99876745833333,638.465505676225,2370.90510790983,12.9048374099495,1,11,638.465505676225,2370.90510790983,638.465505676225,2370.90510790983,1,0,0,0,0.5
0.101078198128576,-0.363637831610178,-6.24508173472044,0.345462465107169,-0.428699058655407,-6.19979645184421,-2475.18771992519,1695.6602895012,4054.85107111793,5.08814023775105,6.12181808998381,,11,9.05179958333333,-2478.68628630023,1687.54539826009,8.83693535879994,1,11,-2478.68628630023,1687.54539826009,-2478.68628630023,1687.54539826009,1,0,0,0,0.5
1.82111966467215,-0.426581537791341,163.675600670938,1.60724220106259,-0.305473610533795,165.682040908221,-644.791308706838,-2758.86378886245,4078.99842965643,5.07788517963296,165.706673468195,,55,7.48199404166667,-657.707959761274,-2769.54144043285,16.758643069206,1,55,-657.707959761274,-2769.54144043285,-657.707959761274,-2769.54144043285,1,0,0,0,0.5
-0.131026959125466,0.00790881240433988,56.3185021128765,0.0678048330771998,-0.344761149662147,54.508344175644,310.064915971705,284.404217850845,4035.25428735334,9000000,8999943.68149789,,0,8.98496170833333,9000000,9000000,9000000,0,0,0,,0,,0,0,0,0,0
0.882057752805345,0.295287049464603,46.4848100244269,1.49374938024203,0.387175598842926,44.9157692394297,2748.09560981514,2439.87648667776,4077.42710784891,8.33115083822857,44.8431051485565,,28,8.070035125,2785.66499780826,2410.74864865088,47.5382988999205,1,28,2785.66499780826,2410.74864865088,2783.56216402876,2413.30509997224,1,2.10283377950009,2.55645132136169,3.31018930919344,2.15509465459672
-1.34929008405484,-0.392030147780161,-153.801026798395,-1.22018743290011,-0.308305676619812,-154.720154840443,2881.60784332076,-492.810809710795,4070.5104677889,6.40066332612221,154.719178887956,,25,8.92099279166667,2867.04822232488,-491.530557035654,14.6158000279079,1,25,2867.04822232488,-491.530557035654,2867.04822232488,-491.530557035654,1,0,0,0,0.5
1.26101104102847,0.757163808411485,2.53070193984732,1.55238737514338,0.550024732827512,3.20790697936063,-2814.87839349956,237.731125987879,4138.78321956278,9.52557881429687,3.1683375262043,,30,8.23099925,-2833.60549691728,214.564994307059,29.7888244056617,1,30,-2833.60549691728,214.564994307059,-2832.9992263808,215.684886327023,1,0.606270536485226,1.11989201996479,1.27346853113491,1.13673426556746
2.38698190678731,0.600937706069435,-96.6634584713087,2.96809824905063,1.23988551147875,-96.1030842377941,-1950.23802114534,1869.29856329064,4114.65811140851,4.44824088990962,96.1295601884878,,42,8.88607154166667,-1998.9171816048,1826.26933223522,64.9705732486521,1,42,-1998.9171816048,1826.26933223522,-1998.9171816048,1826.26933223522,1,0,0,0,0.5
0.101928281071318,-0.222824898378961,-167.45640843461,-0.00918065539527162,-0.226244698240004,-165.88794355514,-2790.94503246419,-2250.5177858022,4106.50921935383,1.75993011514545,165.887820087739,,52,7.53151970833333,-2789.25231292237,-2258.34267136618,8.00588118426555,1,52,-2789.25231292237,-2258.34267136618,-2789.38617711029,-2258.13229359551,1,0.133864187923791,0.210377770667037,0.249356024991033,0.624678012495516
-1.29787532072528,0.262200203165599,-109.286882617728,-1.72985494155795,0.641077849695291,-108.136298837007,1690.00324877911,-2099.83150636749,4114.73519801786,4.18848932747188,108.10951070815,,58,8.66118254166667,1710.07488365839,-2137.23244432278,42.4464449237157,1,58,1710.07488365839,-2137.23244432278,1710.12473733813,-2136.41144837728,1,0.0498536797388169,0.820995945493451,0.822508195643171,0.911254097821586
0.0652710297466486,-2.27210475630311,113.027654889572,-0.032074235247662,-2.36172893656358,115.66955320977,-1993.80079189857,-1520.89308163723,4044.06979862852,20.3090080456799,115.635123754246,,9,8.92459554166667,-1997.78577861272,-1530.3030990129,10.2190286290935,1,9,-1997.78577861272,-1530.3030990129,-1997.78577861272,-1530.3030990129,1,0,0,0,0.5
1.46220920297408,-4.14869467825782,34.3019328699487,1.35855679576703,-4.45887046291625,38.0834417887399,371.101267002747,-2939.21359253067,4035.12680087523,18.5847701195749,37.8995341816809,,12,8.88251741666667,345.732666001579,-2945.35243978286,26.1007923700054,1,12,345.732666001579,-2945.35243978286,345.732666001579,-2945.35243978286,1,0,0,0,0.5
-0.156597345577622,0.243713835950656,-22.9722726876489,-0.41692547464603,-0.128411263611282,-26.5624036500445,910.606588068721,-2962.72926978478,4054.30606526608,9.42906526072324,26.6488658263853,,18,9.1740295,896.008742093608,-2936.95972292072,29.6169993870387,1,18,896.008742093608,-2936.95972292072,896.008742093608,-2936.95972292072,1,0,0,0,0.5
-0.386803738238416,0.0496003167625538,119.834810242509,-0.397462562313344,-0.241914404755907,116.525358384443,-2561.79805395769,595.308848233974,4080.17665181351,5.17680758472968,116.561832269446,,53,8.09436625,-2549.63189736834,576.915364786423,22.053017922543,1,53,-2549.63189736834,576.915364786423,-2549.77950653804,577.926909938905,1,0.147609169706357,1.01154515248118,1.02225831495252,1.01112915747626
0.0411048146656187,-0.0927651097232223,-169.234190419871,0.024169895136597,-0.287251487128563,-170.277163197513,-1449.20068888271,365.477286751302,4103.12669870424,0.949840066388388,170.309174021888,,70,8.2590635,-1434.74985668711,367.206098359846,14.5538771715046,1,70,-1434.74985668711,367.206098359846,-1434.79186709047,367.259172046253,1,0.0420104033626103,0.0530736864070036,0.0676881834555942,0.533844091727797
0.318765985793431,-0.225756777029831,90.5483833070904,0.105916816373142,-0.347957614547854,88.6533760886289,-1392.26879216552,1068.08469387372,4074.90727396852,5.9757083442833,88.6710281632744,,57,8.38484145833333,-1406.09981563015,1059.14246963,16.4699904220968,1,57,-1406.09981563015,1059.14246963,-1405.39527546734,1059.58690142244,1,0.704540162809963,0.444431792441947,0.833004477266149,0.916502238633075
-1.51534242627403,1.73499110955869,-25.3295791319321,-1.59964781908685,0.440109009821221,-23.187782428183,-874.767549095356,-1957.54781510696,4065.09643973569,5.09417687820999,23.2155328923938,,23,8.90172025,-954.220685735538,-1908.92178251769,93.1519831637336,1,23,-954.220685735538,-1908.92178251769,-952.157342354901,-1910.27502160202,1,2.06334338063709,1.35323908433247,2.46751736078673,1.73375868039336
-0.0684135845554793,-0.905615290633087,16.9995213498741,-0.18968565475246,-0.362258843106541,14.9149569403882,-967.556269030676,2313.82743708423,4108.75577159182,3.24093890648962,14.9364379792261,,61,8.081342125,-931.156317543702,2334.85126156838,42.0351955412896,1,61,-931.156317543702,2334.85126156838,-931.196441990334,2334.39973745001,1,0.040124446632035,0.45152411836807,0.453303431142529,0.726651715571265
-0.412129763356133,0.322486420959524,109.535162463578,-0.391646590587287,0.684520032302867,107.751218889978,1808.14964518829,-406.356623139635,4109.37159927922,2.24215320302868,107.827447288614,,70,8.538711,1801.96019162182,-379.817617005029,27.2512051488397,1,71,1801.96019162182,-379.817617005029,1802.22460106115,-380.507440741021,0.985915492957746,0.264409439324027,0.689823735992604,0.738761895567469,0.862338694262608
0.186704221171255,-0.11731447491505,-35.1680401707293,0.0677160759412989,0.0424225040488009,-35.3623395441323,1584.23088394354,-1968.86935751628,4096.33358873148,1.3551788154158,35.333975118072,,71,8.21544508333333,1599.30239294837,-1968.09906541419,15.091180656442,1,71,1599.30239294837,-1968.09906541419,1599.00404831039,-1968.05120106447,1,0.298344637979426,0.0478643497247049,0.302159757389437,0.651079878694719
-0.133945062669117,-0.108136761448966,-106.088180050594,0.394662909310297,-0.227510437654455,-105.747792547429,1879.88671303911,1443.75759927748,4047.70533722311,17.194833791364,105.948695253997,,8,8.909999625,1851.0060086566,1458.27913816401,32.3259984727905,1,8,1851.0060086566,1458.27913816401,1851.0060086566,1458.27913816401,1,0,0,0,0.5
0.852051930722705,-1.20722526394658,104.856229943988,1.21161365706629,-1.55909872871002,104.108406884307,-2214.84361961116,379.831684470454,4161.10846462499,9.47026617198676,104.100487225103,,21,8.48415683333333,-2193.91501651634,362.493163279162,27.1777619498264,1,21,-2193.91501651634,362.493163279162,-2193.91501651634,362.493163279162,1,0,0,0,0.5
-0.0162210478365261,-0.265038426864285,-103.728394305142,0.375111743743679,-0.218818017131252,-103.667446539822,-1947.76789381458,2519.06705048095,4118.20715080069,4.18790488399056,103.628735756404,,59,8.20782341666667,-1975.14360137582,2522.18632810412,27.5528448144418,1,59,-1975.14360137582,2522.18632810412,-1974.22337747842,2521.43324372847,1,0.920223897395545,0.75308437565127,1.18909549582357,1.09454774791179
0.22753892017248,0.131152358515526,84.2946911387011,-0.0214588295085752,0.109381710679243,84.5312762752404,2029.65359245321,-2262.91021087882,4053.63834790769,10.8277158236188,84.6761446592707,,23,8.97482341666667,2015.79115826984,-2256.23969032422,15.3838527670307,1,23,2015.79115826984,-2256.23969032422,2018.6775968013,-2257.65036001797,1,2.88643853145504,1.41066969374788,3.21271168652387,2.10635584326194
0.0526417826135057,-0.10995025727697,14.7878760641663,0.379080627263545,-0.533288290219597,9.80745999469515,-1472.23058002655,-2982.51619332896,4091.28446794784,1.35195657055692,9.78794085075792,,54,7.031089625,-1495.98750062575,-3012.86482580269,38.5412865558778,1,60,-1495.98750062575,-3012.86482580269,-1495.89889190965,-3012.73605055034,0.9,0.0886087160979514,0.128775252347168,0.156315610818639,0.528157805409319
0.176759166283897,-0.395172194444137,-100.493695765176,0.0517855548524177,-0.101148732039767,-101.528157311692,-1364.10052067999,2158.80706095229,4142.47099776719,16.2485915476488,101.431996799268,,15,8.92915666666667,-1361.06726587081,2134.05216498839,24.9400382702338,1,15,-1361.06726587081,2134.05216498839,-1361.06726587081,2134.05216498839,1,0,0,0,0.5
0.0660065966037982,2.62782533530847,71.42672662064,0.229237342925691,2.96027689846498,71.2136297609936,245.844638440032,-2614.53678703693,4106.48969570564,1.49310550227106,71.2738176936117,,55,7.423466,265.96017169662,-2595.75622013804,27.5198904656351,1,55,265.96017169662,-2595.75622013804,266.306394185527,-2595.82978326436,1,0.346222488906847,0.0735631263255527,0.353951331936526,0.676975665968263
-0.109114283250614,0.204773180625107,-65.432251438741,-0.172063785186954,0.392992169872674,-65.8740827937807,-2344.82125948965,-781.744967368205,4079.55072204089,5.05981723574057,65.8634661646436,,58,7.890072625,-2331.70443035305,-792.093231741447,16.7074169798096,1,58,-2331.70443035305,-792.093231741447,-2332.02023480306,-791.903625230187,1,0.315804450010546,0.189606511260422,0.368351842344805,0.684175921172403
1.32671670322681,2.94549622134342,-34.8811249189206,1.70916019420592,2.3735336563138,-32.8883913336793,124.009347671085,-624.813257652972,4122.17904952055,6.76031430589309,32.8655549607059,,39,8.94502495833333,72.953891576477,-625.869174789832,51.0663740442613,1,39,72.953891576477,-625.869174789832,73.923726210722,-626.132944258421,1,0.969834634245061,0.26376946858943,1.00506395335879,1.0025319766794
0.503754494431651,-0.30410166797549,-160.184823310565,0.229716833640677,-1.01079573783905,-158.04056712325,-2274.86847099977,-2358.95156982337,4160.09340106151,2.65790543800699,158.231827549688,,5,8.97615870833333,-2232.50561171626,-2346.30218345391,44.2110712627332,1,5,-2232.50561171626,-2346.30218345391,-2232.50561171626,-2346.30218345391,1,0,0,0,0.5
-0.926754420146584,0.693555001865704,-160.962517921349,-1.28923519521684,0.825250368890554,-161.432972667225,2543.01487441427,512.966998368202,4099.3830476817,1.45885192364422,161.401830007896,,51,7.40730045833333,2542.03607482291,485.093067040304,27.8911114212462,1,54,2542.03607482291,485.093067040304,2542.09404760746,485.134708922984,0.944444444444444,0.0579727845533853,0.0416418826796416,0.0713784991575073,0.507911471800976
-0.427136052757178,1.20260375677279,139.019263646317,-0.259266316397035,1.42244495217914,137.35959249125,170.093817745992,-2447.01603578413,4036.08370157005,16.7262465498531,137.344535129075,,14,8.8842265,163.516675673567,-2419.26476725982,28.5200228357123,1,14,163.516675673567,-2419.26476725982,163.516675673567,-2419.26476725982,1,0,0,0,0.5
0.774900415133064,0.0524459631762723,147.861609731734,0.888740929987743,0.165542276839997,149.608129889275,2879.91250136451,610.626755600993,4148.98249286974,5.74774621354581,149.725039017788,,12,8.88263433333333,2889.33659084452,619.804243012702,13.1544569526605,1,12,2889.33659084452,619.804243012702,2890.32849535018,619.917438928499,1,0.991904505656748,0.113195915796723,0.998342558291099,0.99917127914555
0.729796428931626,1.42158498702306,-116.098673523744,0.712665818100913,1.42674432131645,-112.775973224319,1436.37071206333,1030.044209655,4039.08498247313,15.8579531110174,112.868275354515,,12,9.02755108333333,1435.81697394059,1022.75265459841,7.31255092644401,1,12,1435.81697394059,1022.75265459841,1435.81697394059,1022.75265459841,1,0,0,0,0.5
-0.463837768436173,0.0756216357352211,-134.228152346071,0.156319153302818,-0.341360073973057,-134.821125749112,-2038.94992096689,655.153251877417,4046.38885639219,12.6992291723141,134.897616790611,,24,8.59977391666667,-2048.34182397928,704.164689577083,49.9031949636748,1,24,-2048.34182397928,704.164689577083,-2048.34182397928,704.164689577083,1,0,0,0,0.5
-2.68549024404413,-0.308890263528198,-54.0898983317618,-2.71583260600465,-0.109488570187575,-56.5088962808503,438.886363829999,-891.473120900034,4100.1386304567,1.32897561583268,56.4406900619558,,65,8.70106008333333,450.318863671231,-902.651504491721,15.9893186953882,1,65,450.318863671231,-902.651504491721,450.234042791536,-902.693278480622,1,0.0848208796955419,0.0417739889008999,0.0945497106342378,0.547274855317119
-0.0544686975727538,0.105601043602851,145.049919729178,0.251617927341929,0.0564312051556207,146.002096328567,422.674397724858,1491.72816904812,4042.69846331795,13.4007146292967,146.030827917167,,11,9.08176158333333,435.938000008414,1503.58936399185,17.7935688109357,1,11,435.938000008414,1503.58936399185,435.938000008414,1503.58936399185,1,0,0,0,0.5
0.00734484160800477,0.0252700315217644,92.4415866448555,0.216929615884121,0.209234718695261,91.4103200258835,215.058601477776,2110.26022304662,4137.8354850888,9.93277852091149,91.6302544148428,,19,8.61675716666667,229.766797444801,2130.89828345914,25.3428602607352,1,20,229.766797444801,2130.89828345914,229.766797444801,2130.89828345914,0.95,0,0,0,0.475
-0.741008702260144,-0.523412339038479,132.269493724321,-0.701478843100119,-0.31122890516559,132.877088049057,-1807.14356496288,853.846683170827,4069.56570345955,7.88594181767624,132.827007409311,,55,8.42756433333333,-1814.72674261539,867.459576571534,15.5825367013395,1,55,-1814.72674261539,867.459576571534,-1814.72674261539,867.459576571534,1,0,0,0,0.5
-0.171795716835511,0.449308843950364,-0.585103554330486,-0.247353742978263,0.793129152805066,-3.32088359146998,-1629.91321480597,-945.222887425412,4055.56069374848,16.3195273626249,3.25991700807245,,12,8.827708375,-1599.47161570844,-944.966348364614,30.442680038133,1,12,-1599.47161570844,-944.966348364614,-1599.47161570844,-944.966348364614,1,0,0,0,0.5
-0.398679282069924,-1.06081995533957,-179.407017111868,-0.707915850958581,-1.53357595539561,-180.046927731115,2856.66741425816,-1705.38175871844,4037.12516672084,9.55664163597604,180.301763568091,,6,9.05835683333333,2879.09421573772,-1742.37495722916,43.2603532192815,1,6,2879.09421573772,-1742.37495722916,2880.82384737566,-1746.71101036922,1,1.72963163794611,4.33605314005604,4.66829545298645,2.83414772649323
0.49553943121626,-0.953717588130824,104.691786405922,1.27304868308752,-0.886910690509923,104.673838527939,-1520.24301224526,-564.703949127098,4095.83179423593,3.63929652746395,104.670108378115,,40,8.43133270833333,-1464.44259716363,-546.006957257233,58.8495015124586,1,40,-1464.44259716363,-546.006957257233,-1465.34102853252,-546.589756386478,1,0.898431368895444,0.582799129245245,1.07090324010359,1.03545162005179
-0.808085502423673,0.355576399895344,5.13125463664597,-1.10616355383127,-0.0284643470499709,1.43357637469598,-644.891894560096,-637.767418369089,4126.90091671007,7.43472808144222,1.5090693649316,,52,8.82769666666667,-677.310461885132,-621.467212683568,36.2858128308869,1,52,-677.310461885132,-621.467212683568,-675.106226978418,-622.027873255363,1,2.20423490671419,0.560660571794642,2.27442120126032,1.63721060063016
0.240309700436745,0.527087701056841,-115.43806827011,0.272641751863138,0.834136700388475,-114.337303551476,337.691581240156,1448.05241082922,4084.34681023348,5.01435146202884,114.284992528706,,57,8.76953170833333,325.917657076253,1426.83241690683,24.2675386531771,1,57,325.917657076253,1426.83241690683,325.870685555483,1427.2515805779,1,0.0469715207708532,0.419163671070237,0.421787276845336,0.710893638422668
0.901959032077087,1.03448025490485,-141.330760502167,0.666959262546702,1.69294100245874,-139.9670590394,-2422.98784737018,2702.77939381111,4120.37057326952,6.31120533386768,139.942633336267,,39,8.03732554166667,-2452.51109621184,2659.18447424475,52.6511085748824,1,39,-2452.51109621184,2659.18447424475,-2450.4514824337,2661.47494324463,1,2.05961377814219,2.29046899987998,3.08030147137003,2.04015073568501
0.0562405768184433,-0.0151857421935344,-66.8803800137258,-0.243614899084816,0.654749371309444,-66.9152861975158,2569.9895843508,302.079667295627,4099.04626613488,3.4184926090347,66.8876253937975,,48,7.32484270833333,2611.47835376507,265.602090937267,55.2442898813124,1,48,2611.47835376507,265.602090937267,2611.19938392674,265.713121088799,1,0.278969838329886,0.111030151532191,0.300253002061701,0.65012650103085
-1.08443061485176,0.471868694819998,-121.712249301934,-0.823100303943583,0.773560358543946,-122.043727645085,671.658878108886,-2164.52030548062,4157.50513128512,13.2858844772306,121.946061569713,,8,8.88002675,650.392613757627,-2182.78406234633,28.0324600116986,1,8,650.392613757627,-2182.78406234633,650.392613757627,-2182.78406234633,1,0,0,0,0.5
-0.00188006687373843,-0.109918470410413,-8.55449025197876,0.584216701611475,-0.192475344867975,-7.71450444735699,1335.47764126019,2331.44445370667,4110.516970874,1.89212975911203,7.67180546549905,,60,7.913499375,1322.39345806295,2290.62850191744,42.8618451586001,1,64,1322.39345806295,2290.62850191744,1322.39345806295,2290.62850191744,0.9375,0,0,0,0.46875
-0.0712063384773294,0.525653195606679,-47.8750533208213,-0.342246399575248,1.08777734356661,-46.1257618691136,2195.46696506605,2049.32613808004,4054.20561768252,10.8128743877654,46.2152876609136,,30,8.28307225,2231.89397582309,2025.914743746,43.3015068716747,1,30,2231.89397582309,2025.914743746,2228.24553639188,2027.75060713273,1,3.64843943121468,1.8358633867274,4.08429977572268,2.54214988786134
-2.98607045646834,-0.943733235313115,132.981236545359,-2.54601744066048,-0.633598626664276,131.37771133726,2233.35046878693,-2752.48866963858,4057.34171959872,10.8553625271693,131.544377067819,,14,9.00488804166667,2241.81022071127,-2712.18227391813,41.1846201705852,1,14,2241.81022071127,-2712.18227391813,2241.81022071127,-2712.18227391813,1,0,0,0,0.5
0.548172248936101,0.360307124201921,149.170771464112,0.890008025935139,0.765262067098788,148.792701428637,1147.90575554577,930.821805138314,4129.78034961738,4.50524010807615,148.770696565559,,26,8.827195375,1139.87588488383,966.239951138685,36.3169917387324,1,26,1139.87588488383,966.239951138685,1139.87588488383,966.239951138685,1,0,0,0,0.5
-0.0269180430731268,-0.141073401443244,88.7663607169698,0.488301024543277,-0.260790663723183,88.9991037481056,-2038.75252886894,-2429.14921425975,4090.35353930431,1.54881666000068,89.0624281771519,,48,7.969560625,-2001.29099553343,-2438.21091998659,38.5419380743533,1,51,-2001.29099553343,-2438.21091998659,-2001.24021564541,-2438.08237141908,0.941176470588235,0.0507798880173596,0.128548567507551,0.138214801071734,0.539695635829984
-0.569775671972941,-0.862828281124812,175.412522585577,-0.398809988785364,-0.907314473991279,172.620511312048,-1066.58797670687,-2731.96387549917,4060.0534476692,10.7075556672563,172.64927803867,,18,8.52629095833333,-1065.51429694413,-2716.06130599032,15.9387736421809,1,18,-1065.51429694413,-2716.06130599032,-1065.51429694413,-2716.06130599032,1,0,0,0,0.5
-0.820447592515176,-0.0934881756768638,-99.4063902684395,-1.06642846121196,-0.0877168370190069,-99.8250573056297,2669.7068886024,1179.49011338926,4097.33257971629,0.64796815824478,99.8298008926199,,49,7.3168335,2687.36433383695,1175.96401482271,18.0060751779052,1,49,2687.36433383695,1175.96401482271,2687.26249343187,1176.08424524984,1,0.101840405083749,0.120230427133492,0.157565299848425,0.578782649924213
-2.52840881672737,1.18207395024498,41.7165876437169,-2.94859282226492,0.637523134711454,41.8773770462999,-2275.79055527926,2493.63715375222,4072.71710198113,5.07503275042179,41.86331912283,,37,8.17382025,-2322.79394043701,2492.51493313989,47.0167799343066,1,37,-2322.79394043701,2492.51493313989,-2322.25955210944,2493.39906568358,1,0.534388327567285,0.884132543693795,1.03308336520274,1.01654168260137
2.24662202932831,0.549691364341786,-6.89473526452227,2.71095041242321,0.502242943704405,-10.4410447566594,-1464.73225379248,2005.47795235688,4118.23611235257,4.18913585276025,10.4552441727128,,70,8.2920375,-1472.0901709759,1972.59117877994,33.6998341476542,1,70,-1472.0901709759,1972.59117877994,-1471.2987918726,1973.05925922565,1,0.791379103297459,0.468080445712303,0.919445587728887,0.959722793864443
-0.152844494193016,-0.482459209363458,179.346002152648,-0.130980059062407,-0.589347757718502,180.068398109488,-2820.22450301763,-207.925847468055,4159.44968284485,12.3369611465066,179.959923274572,,12,8.59398166666667,-2828.03399501954,-211.297288280339,8.50616120694938,1,12,-2828.03399501954,-211.297288280339,-2828.03399501954,-211.297288280339,1,0,0,0,0.5
-2.64781659876787,1.03216846039639,-46.6530277143118,-2.47836874772835,1.33409355139163,-47.6405572469673,-1289.63421390355,-2179.78295421435,4059.94907646119,7.43745284714527,47.577321828248,,18,8.76156395833333,-1285.92403267791,-2197.06337309232,17.6742276019462,1,18,-1285.92403267791,-2197.06337309232,-1285.92403267791,-2197.06337309232,1,0,0,0,0.5
-1.31281331956938,0.763950074388063,147.930366440021,-1.30868083678297,1.04323752613935,146.400137124872,2193.96841721808,-1105.28772263528,4095.37685557646,1.99964314950544,146.410229804838,,66,8.09734658333333,2175.63668984435,-1094.48045204293,21.2802567221577,1,70,2175.63668984435,-1094.48045204293,2176.33817791502,-1094.47928645128,0.942857142857143,0.701488070668802,0.00116559164689534,0.7014890390409,0.822173090949021
-0.909078203910866,-0.313756517372927,-139.20360525342,-1.47137978435799,-0.243444694096419,-137.18249998829,-1042.46655326673,127.025828058871,4137.68622292531,7.31077216431824,137.123501536875,,47,8.64591570833333,-1023.67599484693,93.5433945062389,38.3947710285403,1,47,-1023.67599484693,93.5433945062389,-1023.16861032822,94.5641792004424,1,0.507384518709273,1.0207846942035,1.13993001616151,1.06996500808075
-0.108455819207502,-0.0182988015725054,78.9008432464079,0.156185592197674,-0.0230047055469907,77.9692886941904,715.004114638116,2386.34890757304,4082.86394974627,4.82335723784337,78.0314100613904,,61,8.08734975,733.363437607071,2380.90152667103,19.1504229344939,1,61,733.363437607071,2380.90152667103,733.054651800797,2380.69239764459,1,0.308785806274159,0.209129026440678,0.372939169109934,0.686469584554967
0.0061114477195457,0.470425469024431,-16.8940920844882,-0.249921436806885,0.754435585512282,-19.2558108834391,-1377.77540398386,71.199495972794,4097.37337893956,1.99887059185475,19.2688552832944,,71,8.31249170833333,-1351.53776562646,83.4668355713139,28.9637926970743,1,72,-1351.53776562646,83.4668355713139,-1351.77921552382,83.3620942390946,0.986111111111111,0.241449897360781,0.104741332219291,0.263189664710838,0.624650387910975
2.92860570367313,-2.02405250753438,37.5909834072853,2.85937837424498,-1.96431683030336,37.8127065639596,-1558.03830018006,-1065.59360343915,4108.63761340632,2.49242511735943,37.8326070004229,,53,8.11988354166667,-1559.34684038398,-1059.20673701716,6.51953527159847,1,53,-1559.34684038398,-1059.20673701716,-1559.42465378309,-1059.19686361525,1,0.0778133991109371,0.00987340190431496,0.0784372943590109,0.539218647179506
-0.792409571852837,-1.50556448446636,-67.792736981441,-0.351804791963886,-1.23838136536886,-65.1062433086731,1627.93803696834,-1448.32309099412,4066.1844976768,4.59875467682899,64.9997770278603,,28,9.23006966666667,1609.67531013822,-1474.1200168678,31.6070969214779,1,29,1609.67531013822,-1474.1200168678,1609.67531013822,-1474.1200168678,0.96551724137931,0,0,0,0.482758620689655
-0.529998354740374,0.216927297967409,135.659389914196,-0.498117433317797,0.325037872603734,134.725486917155,-405.314869674407,1966.58537904143,4128.09462263481,6.25215057632396,134.80385143235,,35,8.46088645833333,-409.066112418066,1979.02359610745,12.9915767289137,1,35,-409.066112418066,1979.02359610745,-409.293091046569,1978.94087917054,1,0.226978628503332,0.0827169369140393,0.241581020466623,0.620790510233311
-1.75350205048878,-1.85639670891281,25.3739402147087,-1.57060159122243,-2.04122514241115,25.7827333717874,-1819.50585159282,-516.491962599075,4119.73488678681,5.58163983416727,25.8342973879964,,46,8.32924679166667,-1827.80164970035,-535.393558824999,20.6419622644955,1,46,-1827.80164970035,-535.393558824999,-1828.01040761058,-533.923588535787,1,0.208757910231498,1.46997028921237,1.48471967598309,1.24235983799154
0.18669187684795,0.194228144555036,-70.0457071748053,0.685714634892665,0.782301813314738,-70.4922732254127,492.358341057135,1993.62063438987,4125.06482715923,4.68689048394684,70.336346819562,,53,7.98197875,471.466899175266,1943.79878815098,54.0247045947988,1,56,471.466899175266,1943.79878815098,470.218843658821,1943.99224398275,0.946428571428571,1.24805551644505,0.193455831767551,1.26295990869615,1.10469424006236
-1.85398361756612,-0.656822538610236,61.5820045892907,-2.26952922675785,-0.707705505234683,60.5523508903107,1482.43289164088,1697.08876682764,4116.14537621785,2.73658847425733,60.5508734921041,,46,8.419980375,1455.87968778943,1709.57417817229,29.3420880514957,1,46,1455.87968778943,1709.57417817229,1456.25188033634,1708.96214017947,1,0.372192546915812,0.612037992822934,0.716322411096013,0.858161205548006
2.65943946033725,-3.2149624893031,151.401344682404,2.68784901097157,-3.68643011675078,149.466224871214,332.923504034671,2992.96840111177,4052.10233997176,12.2151211786867,149.508064712414,,12,8.93737775,362.641904823764,2975.91469212294,34.2638634093852,1,12,362.641904823764,2975.91469212294,362.641904823764,2975.91469212294,1,0,0,0,0.5
0.935006176762234,0.334217423108961,-163.533512335694,0.561855398095515,0.0242157723251566,-164.107139493729,2734.63180216028,851.075783156488,4072.967547353,4.68760658651806,163.992547396032,,41,7.2477725,2759.10583788904,834.43569965019,29.5951145284023,1,41,2759.10583788904,834.43569965019,2758.58987266265,834.675161346498,1,0.515965226391017,0.239461696308013,0.568825121494686,0.784412560747343
0.414459318466319,-1.63900813902436,-148.462141281707,0.105621360147859,-1.27275146131683,-148.754095374807,-1615.34819289623,550.183770495763,4100.47032761049,1.97703876137593,148.773472823906,,85,8.136275375,-1626.60188531481,515.982891777828,36.0048010427901,1,85,-1626.60188531481,515.982891777828,-1626.31820616106,516.26526124964,1,0.283679153750654,0.282369471811194,0.400257892968546,0.700128946484273
-0.262086281553498,1.51720838117085,131.005965858917,0.0536804095474534,1.06016094416078,129.435993854922,755.629572002834,1530.5595993679,4038.49541867021,10.4361037719994,129.421334618014,,13,8.92311916666667,786.102055435672,1507.56564961731,38.1745199275297,1,13,786.102055435672,1507.56564961731,786.102055435672,1507.56564961731,1,0,0,0,0.5
0.260433215755128,0.224838254448947,-113.548953725151,0.319814209719895,0.836857362344128,-116.016540379015,1081.32853502463,1584.48063948201,4154.67950464058,9.95682617824555,115.929843049719,,22,8.70835820833333,1060.7375411651,1555.00775408203,35.9533030738964,1,22,1060.7375411651,1555.00775408203,1060.7375411651,1555.00775408203,1,0,0,0,0.5
-0.806412238462237,0.963719993953642,176.889095232257,-0.852228230928909,1.01941659632368,176.37448739714,-560.333663072926,2018.83074047471,4035.26043559908,13.9666808946414,176.381234421599,,7,8.87890695833333,-560.041508561323,2005.52037227902,13.3135741168,1,7,-560.041508561323,2005.52037227902,-560.041508561323,2005.52037227902,1,0,0,0,0.5
0.178592137117136,2.06947586074535,-91.2707201613458,0.230668960616697,2.75418030074887,-92.5003922523561,2673.90157498146,-772.731036704626,4121.7793750174,2.43821885034644,92.5416427080661,,43,7.59084408333333,2670.64371901032,-821.308031952143,48.6861180708221,1,43,2670.64371901032,-821.308031952143,2670.64371901032,-821.308031952143,1,0,0,0,0.5
0.27402421651419,1.07034517937981,120.377626907091,0.233828675027,1.23795916898415,119.566261987105,-269.381042681267,-1760.39370969043,4050.20287454375,11.4212868399456,119.60445089758,,17,9.05596254166667,-281.704592738972,-1748.35704821755,17.2264652624232,1,17,-281.704592738972,-1748.35704821755,-281.704592738972,-1748.35704821755,1,0,0,0,0.5
-0.358524296752946,-0.607982959539577,144.450594468732,-0.230251293529862,-0.678976720087,145.314952004559,2681.21729270629,-2054.36029958081,4125.58251401413,7.73462637401078,145.292520591209,,36,8.61817775,2690.01988053372,-2046.58122036753,11.7473242002632,1,36,2690.01988053372,-2046.58122036753,2689.3522863628,-2046.27391683605,1,0.667594170914072,0.307303531473508,0.734926824584962,0.867463412292481
0.294049921926207,1.02577412242912,-101.381499616852,0.246444099722071,1.25684016045924,-105.588423647579,165.311270515099,-1472.68115805909,4161.09691703882,0.583571505050619,105.507745035231,,5,9.00702175,163.713045979527,-1496.76214587868,24.133965609346,1,5,163.713045979527,-1496.76214587868,163.713045979527,-1496.76214587868,1,0,0,0,0.5
0.464106127244099,-0.719213310391825,-149.296579601551,1.11061350284486,-0.810512476480888,-150.760588991853,2577.34651827718,2224.49182337277,4053.15743151093,7.82321761809018,150.763152995005,,13,8.94658304166667,2557.6272063495,2260.22791606073,40.8156781580796,1,13,2557.6272063495,2260.22791606073,2557.6272063495,2260.22791606073,1,0,0,0,0.5
0.000249706877709988,2.31948299633213,86.4939598243951,-0.473910219518766,2.20632561324734,89.3103006997024,-933.597215534872,-326.183885591561,4043.04238893365,15.7296813538346,89.3931173349699,,22,8.79820054166667,-963.04860255387,-328.350905990402,29.531003619109,1,22,-963.04860255387,-328.350905990402,-963.04860255387,-328.350905990402,1,0,0,0,0.5
-0.746245565996058,0.308530153974299,174.956199593849,-0.980225058429819,-0.129395113529996,176.353514073734,1565.18159634611,-1043.74276271487,4147.27804199836,16.4822929398465,176.483683061019,,22,9.19395145833333,1597.76103042224,-1058.73012892258,35.8614092105311,1,22,1597.76103042224,-1058.73012892258,1597.76103042224,-1058.73012892258,1,0,0,0,0.5
-0.995146923014766,-1.54042142092682,66.247260937553,-0.898044933614457,-1.86115988707942,67.7864433469878,-1811.54393428123,-2507.56590982393,4069.75443528623,6.087457960172,67.8282715768963,,31,8.315452375,-1818.19367295116,-2528.35464777302,21.8263750974482,1,31,-1818.19367295116,-2528.35464777302,-1817.79549882927,-2528.15621908898,1,0.398174121892225,0.198428684041573,0.44487815634746,0.72243907817373
2.52880314384099,1.38928451148762,48.79451935282,1.83131348688453,1.26495265540684,53.0417327883515,1342.92786127537,2441.44481212684,4086.77786170333,2.1801010536972,53.1196168218483,,63,7.60305420833333,1297.51556160452,2466.40600871412,51.8202498687959,1,63,1297.51556160452,2466.40600871412,1297.65402147461,2466.28441892997,1,0.138459870094948,0.121589784147545,0.184269398533117,0.592134699266558
0.558045584400133,0.386423731298012,-140.588121279032,0.865887175678327,0.329204837809082,-142.778833963649,1945.26739426631,-2046.60319731174,4164.82089348872,21.7639353193302,142.716609430772,,4,9.16182575,1931.04584556157,-2036.72902993818,17.3133367345081,1,4,1931.04584556157,-2036.72902993818,1931.04584556157,-2036.72902993818,1,0,0,0,0.5
0.823292852856682,-0.744487025021925,-46.4227388191082,0.966090838143138,-0.423827807933532,-46.9052469049789,898.50483173726,1894.26767666398,4128.74706823682,6.54306918531053,46.7560175534078,,38,8.49793020833333,903.970727447953,1872.3705241936,22.5690341448473,1,38,903.970727447953,1872.3705241936,903.970727447953,1872.3705241936,1,0,0,0,0.5
0.0415912462576955,-0.303075997262524,159.553365733812,-0.50733829526294,-0.813721278893355,159.753743812715,112.475195382477,-1490.96002715363,4036.61981630093,8.92563276176753,159.816681729321,,21,8.88328925,128.183724601089,-1528.93192510287,41.092857336512,1,21,128.183724601089,-1528.93192510287,128.183724601089,-1528.93192510287,1,0,0,0,0.5
1.21737346069087,0.39377810251063,-85.405220030134,1.15000346265132,0.17466984050588,-84.4792890642875,1657.39291847011,-656.303809392376,4054.33653970014,8.41366034165899,84.3536737982924,,20,9.17900470833333,1651.61775427795,-641.837925813925,15.5760813156469,1,20,1651.61775427795,-641.837925813925,1649.60503294105,-643.111594985996,1,2.01272133690463,1.27366917207075,2.38186488699812,1.69093244349906
1.18687853947918,2.46663165219122,82.0887088076932,1.53160169972933,2.41577098824055,80.858050022958,1911.34631373623,-1392.3897636926,4143.26451759429,12.9577371060207,80.9140961739063,,13,9.23950245833333,1936.41221366178,-1400.94123842799,26.4844682640181,1,13,1936.41221366178,-1400.94123842799,1937.4883776984,-1400.49861023023,1,1.076164036622,0.442628197765771,1.16363600630779,1.08181800315389
-1.68069116067771,0.0977674895080335,-71.6123308695436,-2.08705088535259,-0.0623592157929539,-71.9667354021506,-530.801776866281,829.706456466508,4107.38327960335,1.9317911794817,71.9592501137167,,61,8.58393266666667,-506.450918583847,851.079850544594,32.4004054528386,1,62,-506.450918583847,851.079850544594,-506.598436611435,850.589822920133,0.983870967741935,0.147518027587978,0.49002762446105,0.511750565410911,0.747810766576423
0.451406453273101,1.45112061379958,100.502891547356,0.6016987287363,1.68432704957293,100.672688270573,-1056.72978018792,-1459.88268509348,4121.64730953883,4.78038445116602,100.697223047464,,62,8.20553533333333,-1048.6903654787,-1443.82194170097,17.960502976999,1,62,-1048.6903654787,-1443.82194170097,-1047.99444384318,-1444.34060350406,1,0.695921635527156,0.51866180308707,0.867938355401075,0.933969177700538
-2.4033847851267,0.836442721174677,72.1399134333691,-2.16989210992714,0.362837222879269,72.1182867696655,208.345337626753,908.692316062034,4136.08102815145,9.07022473205531,72.0929744149601,,29,8.84286329166667,214.909744326833,874.746690939268,34.5745122930097,1,30,214.909744326833,874.746690939268,216.541752860354,875.777738813624,0.966666666666667,1.63200853352188,1.0310478743562,1.93041746073296,1.44854206369981
0.0057535555164678,0.023911013862387,171.67966037666,-0.226210609943144,-0.271695637578545,170.181162113827,-1005.80405028404,-1980.11243857807,4159.58152898192,2.8421709430404e-14,170.075194018375,,3,9.22534016666667,-967.740411964809,-1999.39543152204,42.6693611268644,1,3,-967.740411964809,-1999.39543152204,-967.740411964809,-1999.39543152204,1,0,0,0,0.5
-0.994039447768698,-0.176802777521064,142.236424935739,-1.06833392260287,-0.539454242427662,144.427653006731,1646.26265151493,1266.42499007318,4064.34583326389,12.3141002726502,144.241142810503,,24,8.75649595833333,1661.51063884485,1241.98551672324,28.8060579607068,1,24,1661.51063884485,1241.98551672324,1661.51063884485,1241.98551672324,1,0,0,0,0.5
